timestamp,elapsed_seconds,rss_bytes,peak_rss_bytes,process_swap_bytes,pss_bytes,anonymous_bytes,private_clean_bytes,private_dirty_bytes,shared_clean_bytes,shared_dirty_bytes,lazy_free_bytes,anonymous_huge_pages_bytes,system_available_bytes,system_swap_used_bytes,load_1
2026-08-28T15:34:01.515Z,0.055,824659968,824659968,0,822209536,817516544,4640768,817516544,2641920,0,0,0,13394591744,0,0.74
2026-08-28T15:34:11.509Z,10.049,825499648,826474496,0,822946816,818253824,4640768,818253824,2641920,0,0,0,13332168704,0,0.78
2026-08-28T15:34:21.505Z,20.045,829239296,830341120,0,826653696,821960704,4640768,821960704,2641920,0,0,0,13417377792,0,0.74
2026-08-28T15:34:31.505Z,30.045,833126400,834031616,0,830536704,825843712,4640768,825843712,2641920,0,0,0,13343297536,0,0.63
2026-08-28T15:34:41.506Z,40.046,837255168,838176768,0,834665472,829972480,4640768,829972480,2641920,0,0,0,13347807232,0,0.61
2026-08-28T15:34:51.506Z,50.046,841109504,841719808,0,838523904,833830912,4640768,833830912,2641920,0,0,0,13362520064,0,0.52
2026-08-28T15:35:01.511Z,60.051,844734464,844869632,0,842148864,837455872,4640768,837455872,2641920,0,0,0,13333876736,0,0.52
2026-08-28T15:35:11.507Z,70.047,848433152,849354752,0,845843456,841150464,4640768,841150464,2641920,0,0,0,13340577792,0,0.51
2026-08-28T15:35:21.516Z,80.056,852172800,853102592,0,849583104,844890112,4640768,844890112,2641920,0,0,0,13326868480,0,0.43
2026-08-28T15:35:31.516Z,90.056,854724608,856473600,0,852134912,847441920,4640768,847441920,2641920,0,0,0,13243432960,0,0.36
2026-08-28T15:35:41.512Z,100.052,855994368,857632768,0,853404672,848711680,4640768,848711680,2641920,0,0,0,13263339520,0,0.31
2026-08-28T15:35:51.509Z,110.049,856428544,857645056,0,853838848,849145856,4640768,849145856,2641920,0,0,0,13307613184,0,0.34
2026-08-28T15:36:01.517Z,120.057,856719360,858644480,0,854141952,849448960,4640768,849448960,2641920,0,0,0,13338750976,0,0.37
2026-08-28T15:36:11.507Z,130.047,857030656,858644480,0,854477824,849784832,4640768,849784832,2641920,0,0,0,13344362496,0,0.31
2026-08-28T15:36:21.505Z,140.045,857272320,858869760,0,854719488,850026496,4640768,850026496,2641920,0,0,0,13347483648,0,0.26
2026-08-28T15:36:31.512Z,150.052,857989120,858869760,0,855436288,850743296,4640768,850743296,2641920,0,0,0,13339672576,0,0.46
2026-08-28T15:36:41.512Z,160.052,857817088,858927104,0,855264256,850571264,4640768,850571264,2641920,0,0,0,13347815424,0,0.39
2026-08-28T15:36:51.506Z,170.046,858107904,859324416,0,855555072,850862080,4640768,850862080,2641920,0,0,0,13350801408,0,0.33
2026-08-28T15:37:01.507Z,180.047,858337280,859623424,0,855784448,851091456,4640768,851091456,2641920,0,0,0,13343285248,0,0.35
2026-08-28T15:37:11.488Z,190.028,858595328,859697152,0,856027136,851337216,4640768,851337216,2641920,0,0,0,13343600640,0,0.37
2026-08-28T15:37:21.505Z,200.045,858570752,859697152,0,856017920,851324928,4640768,851324928,2641920,0,0,0,13328097280,0,0.39
2026-08-28T15:37:31.504Z,210.044,858509312,859725824,0,855956480,851263488,4640768,851263488,2641920,0,0,0,13342736384,0,0.41
2026-08-28T15:37:41.504Z,220.044,858464256,859725824,0,855911424,851218432,4640768,851218432,2641920,0,0,0,13344440320,0,0.5
2026-08-28T15:37:51.507Z,230.047,858431488,859725824,0,855878656,851185664,4640768,851185664,2641920,0,0,0,13354016768,0,0.43
2026-08-28T15:38:01.509Z,240.049,858697728,859828224,0,856108032,851415040,4640768,851415040,2641920,0,0,0,13348319232,0,0.52
2026-08-28T15:38:11.504Z,250.044,858472448,859848704,0,855919616,851226624,4640768,851226624,2641920,0,0,0,13346791424,0,0.59
2026-08-28T15:38:21.499Z,260.039,858411008,859848704,0,855845888,851152896,4640768,851152896,2641920,0,0,0,13353832448,0,0.57
2026-08-28T15:38:31.510Z,270.05,858316800,859848704,0,855763968,851070976,4640768,851070976,2641920,0,0,0,13344251904,0,0.48
2026-08-28T15:38:41.511Z,280.051,858316800,860172288,0,855763968,851070976,4640768,851070976,2641920,0,0,0,13346676736,0,0.41
2026-08-28T15:38:51.493Z,290.033,858288128,860291072,0,855733248,851042304,4640768,851042304,2641920,0,0,0,13347549184,0,0.43
2026-08-28T15:39:01.509Z,300.049,858263552,860291072,0,855710720,851017728,4640768,851017728,2641920,0,0,0,13353308160,0,0.6
2026-08-28T15:39:11.508Z,310.048,858181632,860479488,0,855628800,850935808,4640768,850935808,2641920,0,0,0,13356408832,0,0.66
2026-08-28T15:39:21.504Z,320.044,858279936,860479488,0,855727104,851034112,4640768,851034112,2641920,0,0,0,13354364928,0,0.56
2026-08-28T15:39:31.509Z,330.049,858198016,860479488,0,855645184,850952192,4640768,850952192,2641920,0,0,0,13342826496,0,0.55
2026-08-28T15:39:41.504Z,340.044,858132480,860479488,0,855579648,850886656,4640768,850886656,2641920,0,0,0,13362556928,0,0.62
2026-08-28T15:39:51.507Z,350.047,858099712,860479488,0,855546880,850853888,4640768,850853888,2641920,0,0,0,13351698432,0,0.6
2026-08-28T15:40:01.507Z,360.047,858054656,860479488,0,855464960,850771968,4640768,850771968,2641920,0,0,0,13349703680,0,0.58
2026-08-28T15:40:11.503Z,370.043,857939968,860479488,0,855387136,850694144,4640768,850694144,2641920,0,0,0,13347291136,0,0.56
2026-08-28T15:40:21.510Z,380.05,857927680,860479488,0,855374848,850681856,4640768,850681856,2641920,0,0,0,13362851840,0,0.48
2026-08-28T15:40:31.510Z,390.05,857870336,860479488,0,855317504,850624512,4640768,850624512,2641920,0,0,0,13355274240,0,0.4
2026-08-28T15:40:41.511Z,400.051,857821184,860479488,0,855268352,850575360,4640768,850575360,2641920,0,0,0,13344440320,0,0.41
2026-08-28T15:40:51.504Z,410.044,857796608,860479488,0,855243776,850550784,4640768,850550784,2641920,0,0,0,13344694272,0,0.35
2026-08-28T15:41:01.507Z,420.047,857780224,860479488,0,855227392,850534400,4640768,850534400,2641920,0,0,0,13352419328,0,0.3
2026-08-28T15:41:11.503Z,430.043,852721664,860479488,0,850168832,845475840,4640768,845475840,2641920,0,0,0,13353361408,0,0.32
2026-08-28T15:41:21.504Z,440.044,853848064,860479488,0,851295232,846602240,4640768,846602240,2641920,0,0,0,13346476032,0,0.27
2026-08-28T15:41:31.506Z,450.046,853880832,860479488,0,851328000,846635008,4640768,846635008,2641920,0,0,0,13342941184,0,0.46
2026-08-28T15:41:41.509Z,460.049,853835776,860479488,0,851282944,846589952,4640768,846589952,2641920,0,0,0,13367156736,0,0.39
2026-08-28T15:41:51.504Z,470.044,853807104,860479488,0,851254272,846561280,4640768,846561280,2641920,0,0,0,13351059456,0,0.33
2026-08-28T15:42:01.512Z,480.052,853733376,860479488,0,851180544,846487552,4640768,846487552,2641920,0,0,0,13342031872,0,0.43
2026-08-28T15:42:11.506Z,490.046,853721088,860479488,0,851168256,846475264,4640768,846475264,2641920,0,0,0,13362454528,0,0.52
2026-08-28T15:42:21.510Z,500.05,853655552,860479488,0,851102720,846409728,4640768,846409728,2641920,0,0,0,13352034304,0,0.59
2026-08-28T15:42:31.504Z,510.044,853655552,860479488,0,851102720,846409728,4640768,846409728,2641920,0,0,0,13348450304,0,0.5
2026-08-28T15:42:41.508Z,520.048,853622784,860479488,0,851069952,846376960,4640768,846376960,2641920,0,0,0,13355061248,0,0.58
2026-08-28T15:42:51.505Z,530.045,853540864,860479488,0,850988032,846295040,4640768,846295040,2641920,0,0,0,13354573824,0,0.56
2026-08-28T15:43:01.504Z,540.044,853458944,860479488,0,850906112,846213120,4640768,846213120,2641920,0,0,0,13347340288,0,0.48
2026-08-28T15:43:11.506Z,550.046,853377024,860479488,0,850824192,846131200,4640768,846131200,2641920,0,0,0,13362438144,0,0.48
2026-08-28T15:43:21.507Z,560.047,853323776,860479488,0,850770944,846077952,4640768,846077952,2641920,0,0,0,13363834880,0,0.48
2026-08-28T15:43:31.506Z,570.046,853295104,860479488,0,850742272,846049280,4640768,846049280,2641920,0,0,0,13350604800,0,0.41
2026-08-28T15:43:41.507Z,580.047,853336064,860479488,0,850783232,846090240,4640768,846090240,2641920,0,0,0,13360676864,0,0.42
2026-08-28T15:43:51.510Z,590.05,853323776,860479488,0,850770944,846077952,4640768,846077952,2641920,0,0,0,13353398272,0,0.43
2026-08-28T15:44:01.518Z,600.058,853348352,860479488,0,850758656,846065664,4640768,846065664,2641920,0,0,0,13351358464,0,0.52
2026-08-28T15:44:11.493Z,610.033,853147648,860479488,0,850594816,845901824,4640768,845901824,2641920,0,0,0,13359632384,0,0.52
2026-08-28T15:44:21.508Z,620.048,853188608,860479488,0,850635776,845942784,4640768,845942784,2641920,0,0,0,13343227904,0,0.52
2026-08-28T15:44:31.512Z,630.052,853159936,860479488,0,850607104,845914112,4640768,845914112,2641920,0,0,0,13362114560,0,0.6
2026-08-28T15:44:41.514Z,640.054,853135360,860479488,0,850582528,845889536,4640768,845889536,2641920,0,0,0,13358141440,0,0.65
2026-08-28T15:44:51.509Z,650.049,853053440,860479488,0,850500608,845807616,4640768,845807616,2641920,0,0,0,13335937024,0,0.7
2026-08-28T15:45:01.513Z,660.053,853028864,860479488,0,850476032,845783040,4640768,845783040,2641920,0,0,0,13341458432,0,0.67
2026-08-28T15:45:11.512Z,670.052,852971520,860479488,0,850418688,845725696,4640768,845725696,2641920,0,0,0,13364137984,0,0.57
2026-08-28T15:45:21.510Z,680.05,852926464,860479488,0,850373632,845680640,4640768,845680640,2641920,0,0,0,13353029632,0,0.48
2026-08-28T15:45:31.508Z,690.048,852897792,860479488,0,850344960,845651968,4640768,845651968,2641920,0,0,0,13350424576,0,0.41
2026-08-28T15:45:41.508Z,700.048,852815872,860479488,0,850263040,845570048,4640768,845570048,2641920,0,0,0,13350113280,0,0.34
2026-08-28T15:45:51.517Z,710.057,852733952,860479488,0,850181120,845488128,4640768,845488128,2641920,0,0,0,13351886848,0,0.29
2026-08-28T15:46:01.517Z,720.057,852701184,860479488,0,850111488,845418496,4640768,845418496,2641920,0,0,0,13335191552,0,0.24
2026-08-28T15:46:11.520Z,730.06,852684800,860479488,0,850095104,845402112,4640768,845402112,2641920,0,0,0,13341106176,0,0.28
2026-08-28T15:46:21.517Z,740.057,852807680,860479488,0,850217984,845524992,4640768,845524992,2641920,0,0,0,13354516480,0,0.24
2026-08-28T15:46:31.514Z,750.054,852832256,860479488,0,850242560,845549568,4640768,845549568,2641920,0,0,0,13359296512,0,0.35
2026-08-28T15:46:41.513Z,760.053,852750336,860479488,0,850160640,845467648,4640768,845467648,2641920,0,0,0,13349171200,0,0.3
2026-08-28T15:46:51.516Z,770.056,852668416,860479488,0,850078720,845385728,4640768,845385728,2641920,0,0,0,13358874624,0,0.25
2026-08-28T15:47:01.517Z,780.057,848760832,860479488,0,846171136,841478144,4640768,841478144,2641920,0,0,0,13350612992,0,0.29
2026-08-28T15:47:11.522Z,790.062,848678912,860479488,0,846089216,841396224,4640768,841396224,2641920,0,0,0,13356326912,0,0.32
2026-08-28T15:47:21.516Z,800.056,848678912,860479488,0,846126080,841433088,4640768,841433088,2641920,0,0,0,13363941376,0,0.27
2026-08-28T15:47:31.523Z,810.063,848683008,860479488,0,846093312,841400320,4640768,841400320,2641920,0,0,0,13360508928,0,0.23
2026-08-28T15:47:41.518Z,820.058,847450112,860479488,0,844860416,840167424,4640768,840167424,2641920,0,0,0,13356773376,0,0.28
2026-08-28T15:47:51.513Z,830.053,848482304,860479488,0,845929472,841236480,4640768,841236480,2641920,0,0,0,13359898624,0,0.31
2026-08-28T15:48:01.523Z,840.063,848453632,860479488,0,845863936,841170944,4640768,841170944,2641920,0,0,0,13348835328,0,0.34
2026-08-28T15:48:11.516Z,850.056,848420864,860479488,0,845868032,841175040,4640768,841175040,2641920,0,0,0,13360750592,0,0.59
2026-08-28T15:48:21.515Z,860.055,848375808,860479488,0,845822976,841129984,4640768,841129984,2641920,0,0,0,13349502976,0,0.5
2026-08-28T15:48:31.513Z,870.053,848404480,860479488,0,845851648,841158656,4640768,841158656,2641920,0,0,0,13348458496,0,0.42
2026-08-28T15:48:41.500Z,880.04,848338944,860479488,0,845773824,841080832,4640768,841080832,2641920,0,0,0,13365694464,0,0.52
2026-08-28T15:48:51.511Z,890.051,848244736,860479488,0,845691904,840998912,4640768,840998912,2641920,0,0,0,13358919680,0,0.52
2026-08-28T15:49:01.511Z,900.051,848162816,860479488,0,845609984,840916992,4640768,840916992,2641920,0,0,0,13364940800,0,0.44
2026-08-28T15:49:11.513Z,910.053,848097280,860479488,0,845544448,840851456,4640768,840851456,2641920,0,0,0,13350596608,0,0.45
2026-08-28T15:49:21.512Z,920.051,848048128,860479488,0,845495296,840802304,4640768,840802304,2641920,0,0,0,13353443328,0,0.46
2026-08-28T15:49:31.518Z,930.058,848080896,860479488,0,845528064,840835072,4640768,840835072,2641920,0,0,0,13355597824,0,0.39
2026-08-28T15:49:41.514Z,940.054,848007168,860479488,0,845454336,840761344,4640768,840761344,2641920,0,0,0,13370261504,0,0.33
2026-08-28T15:49:51.519Z,950.059,847990784,860479488,0,845437952,840744960,4640768,840744960,2641920,0,0,0,13368893440,0,0.43
2026-08-28T15:50:01.517Z,960.057,848048128,860479488,0,845495296,840802304,4640768,840802304,2641920,0,0,0,13353824256,0,0.36
2026-08-28T15:50:11.512Z,970.052,848039936,860479488,0,845487104,840794112,4640768,840794112,2641920,0,0,0,13362294784,0,0.31
2026-08-28T15:50:21.512Z,980.052,848007168,860479488,0,845454336,840761344,4640768,840761344,2641920,0,0,0,13361692672,0,0.26
2026-08-28T15:50:31.519Z,990.059,847962112,860479488,0,845372416,840679424,4640768,840679424,2641920,0,0,0,13358526464,0,0.22
2026-08-28T15:50:41.518Z,1000.058,847900672,860479488,0,845347840,840654848,4640768,840654848,2641920,0,0,0,13370441728,0,0.18
2026-08-28T15:50:51.519Z,1010.059,847818752,860479488,0,845265920,840572928,4640768,840572928,2641920,0,0,0,13367173120,0,0.23
2026-08-28T15:51:01.525Z,1020.065,847855616,860479488,0,845265920,840572928,4640768,840572928,2641920,0,0,0,13360820224,0,0.19
2026-08-28T15:51:11.514Z,1030.054,847785984,860479488,0,845233152,840540160,4640768,840540160,2641920,0,0,0,13347287040,0,0.16
2026-08-28T15:51:21.519Z,1040.059,846553088,860479488,0,844000256,839307264,4640768,839307264,2641920,0,0,0,13371990016,0,0.14
2026-08-28T15:51:31.518Z,1050.058,847659008,860479488,0,845069312,840376320,4640768,840376320,2641920,0,0,0,13362638848,0,0.2
2026-08-28T15:51:41.516Z,1060.056,847540224,860479488,0,844987392,840294400,4640768,840294400,2641920,0,0,0,13369090048,0,0.32
2026-08-28T15:51:51.519Z,1070.059,847462400,860479488,0,844909568,840216576,4640768,840216576,2641920,0,0,0,13361414144,0,0.27
2026-08-28T15:52:01.519Z,1080.059,846348288,860479488,0,843693056,839000064,4640768,839000064,2641920,0,0,0,13360513024,0,0.23
2026-08-28T15:52:11.517Z,1090.057,847421440,860479488,0,844868608,840175616,4640768,840175616,2641920,0,0,0,13354897408,0,0.19
2026-08-28T15:52:21.518Z,1100.058,847376384,860479488,0,844786688,840093696,4640768,840093696,2641920,0,0,0,13360070656,0,0.24
2026-08-28T15:52:31.522Z,1110.062,847294464,860479488,0,844704768,840011776,4640768,840011776,2641920,0,0,0,13352169472,0,0.29
2026-08-28T15:52:41.520Z,1120.06,847187968,860479488,0,844635136,839942144,4640768,839942144,2641920,0,0,0,13348790272,0,0.32
2026-08-28T15:52:51.518Z,1130.058,843337728,860479488,0,840748032,836055040,4640768,836055040,2641920,0,0,0,13364584448,0,0.27
2026-08-28T15:53:01.523Z,1140.063,843337728,860479488,0,840748032,836055040,4640768,836055040,2641920,0,0,0,13354692608,0,0.3
2026-08-28T15:53:11.519Z,1150.059,843382784,860479488,0,840793088,836100096,4640768,836100096,2641920,0,0,0,13362589696,0,0.41
2026-08-28T15:53:21.522Z,1160.062,843350016,860479488,0,840760320,836067328,4640768,836067328,2641920,0,0,0,13370503168,0,0.43
2026-08-28T15:53:31.524Z,1170.064,843272192,860479488,0,840580096,835887104,4640768,835887104,2641920,0,0,0,13365145600,0,0.36
2026-08-28T15:53:41.523Z,1180.063,843190272,860479488,0,840600576,835907584,4640768,835907584,2641920,0,0,0,13369053184,0,0.38
2026-08-28T15:53:51.520Z,1190.06,843173888,860479488,0,840584192,835891200,4640768,835891200,2641920,0,0,0,13378981888,0,0.32
2026-08-28T15:54:01.515Z,1200.055,843268096,860479488,0,840715264,836022272,4640768,836022272,2641920,0,0,0,13372911616,0,0.35
2026-08-28T15:54:11.522Z,1210.062,843247616,860479488,0,840657920,835964928,4640768,835964928,2641920,0,0,0,13363666944,0,0.37
2026-08-28T15:54:21.513Z,1220.053,843210752,860479488,0,840657920,835964928,4640768,835964928,2641920,0,0,0,13351141376,0,0.46
2026-08-28T15:54:31.514Z,1230.054,843177984,860479488,0,840625152,835932160,4640768,835932160,2641920,0,0,0,13358489600,0,0.47
2026-08-28T15:54:41.524Z,1240.064,843132928,860479488,0,840543232,835850240,4640768,835850240,2641920,0,0,0,13359984640,0,0.39
2026-08-28T15:54:51.519Z,1250.059,843014144,860479488,0,840461312,835768320,4640768,835768320,2641920,0,0,0,13367349248,0,0.49
2026-08-28T15:55:01.514Z,1260.054,842944512,860479488,0,840391680,835698688,4640768,835698688,2641920,0,0,0,13370322944,0,0.41
2026-08-28T15:55:11.520Z,1270.06,842899456,860479488,0,840346624,835653632,4640768,835653632,2641920,0,0,0,13376172032,0,0.35
2026-08-28T15:55:21.520Z,1280.06,842928128,860479488,0,840375296,835682304,4640768,835682304,2641920,0,0,0,13362671616,0,0.37
2026-08-28T15:55:31.515Z,1290.055,842854400,860479488,0,840301568,835608576,4640768,835608576,2641920,0,0,0,13368573952,0,0.4
2026-08-28T15:55:41.515Z,1300.055,841814016,860479488,0,839261184,834568192,4640768,834568192,2641920,0,0,0,13357457408,0,0.34
2026-08-28T15:55:51.520Z,1310.06,842960896,860479488,0,840408064,835715072,4640768,835715072,2641920,0,0,0,13362302976,0,0.28
2026-08-28T15:56:01.520Z,1320.06,842878976,860479488,0,840326144,835633152,4640768,835633152,2641920,0,0,0,13356789760,0,0.39
2026-08-28T15:56:11.519Z,1330.059,842915840,860479488,0,840326144,835633152,4640768,835633152,2641920,0,0,0,13364781056,0,0.41
2026-08-28T15:56:21.517Z,1340.057,842846208,860479488,0,840293376,835600384,4640768,835600384,2641920,0,0,0,13378957312,0,0.35
2026-08-28T15:56:31.517Z,1350.057,842821632,860479488,0,840268800,835575808,4640768,835575808,2641920,0,0,0,13372813312,0,0.38
2026-08-28T15:56:41.519Z,1360.059,842739712,860479488,0,840186880,835493888,4640768,835493888,2641920,0,0,0,13362601984,0,0.32
2026-08-28T15:56:51.514Z,1370.054,842657792,860479488,0,840104960,835411968,4640768,835411968,2641920,0,0,0,13371609088,0,0.27
2026-08-28T15:57:01.516Z,1380.056,842612736,860479488,0,840023040,835330048,4640768,835330048,2641920,0,0,0,13371727872,0,0.23
2026-08-28T15:57:11.516Z,1390.056,842551296,860479488,0,839961600,835268608,4640768,835268608,2641920,0,0,0,13371957248,0,0.35
2026-08-28T15:57:21.518Z,1400.058,842518528,860479488,0,839928832,835235840,4640768,835235840,2641920,0,0,0,13369872384,0,0.37
2026-08-28T15:57:31.515Z,1410.055,842457088,860479488,0,839904256,835211264,4640768,835211264,2641920,0,0,0,13352857600,0,0.31
2026-08-28T15:57:41.520Z,1420.06,842412032,860479488,0,839822336,835129344,4640768,835129344,2641920,0,0,0,13364592640,0,0.34
2026-08-28T15:57:51.515Z,1430.055,842293248,860479488,0,839740416,835047424,4640768,835047424,2641920,0,0,0,13367447552,0,0.29
2026-08-28T15:58:01.519Z,1440.059,842305536,860479488,0,839752704,835059712,4640768,835059712,2641920,0,0,0,13358764032,0,0.24
2026-08-28T15:58:11.518Z,1450.058,842395648,860479488,0,839842816,835149824,4640768,835149824,2641920,0,0,0,13357285376,0,0.36
2026-08-28T15:58:21.518Z,1460.058,842321920,860479488,0,839769088,835076096,4640768,835076096,2641920,0,0,0,13362368512,0,0.3
2026-08-28T15:58:31.520Z,1470.06,842248192,860479488,0,839695360,835002368,4640768,835002368,2641920,0,0,0,13370585088,0,0.26
2026-08-28T15:58:41.515Z,1480.055,838352896,860479488,0,835800064,831107072,4640768,831107072,2641920,0,0,0,13363597312,0,0.37
2026-08-28T15:58:51.515Z,1490.055,838361088,860479488,0,835808256,831115264,4640768,831115264,2641920,0,0,0,13358469120,0,0.31
2026-08-28T15:59:01.523Z,1500.063,838430720,860479488,0,835877888,831184896,4640768,831184896,2641920,0,0,0,13359452160,0,0.27
2026-08-28T15:59:11.515Z,1510.055,838389760,860479488,0,835800064,831107072,4640768,831107072,2641920,0,0,0,13365317632,0,0.38
2026-08-28T15:59:21.515Z,1520.055,838328320,860479488,0,835775488,831082496,4640768,831082496,2641920,0,0,0,13370953728,0,0.4
2026-08-28T15:59:31.519Z,1530.059,838246400,860479488,0,835693568,831000576,4640768,831000576,2641920,0,0,0,13364871168,0,0.49
2026-08-28T15:59:41.513Z,1540.053,838164480,860479488,0,835611648,830918656,4640768,830918656,2641920,0,0,0,13369319424,0,0.49
2026-08-28T15:59:51.518Z,1550.058,838184960,860479488,0,835632128,830939136,4640768,830939136,2641920,0,0,0,13363953664,0,0.65
2026-08-28T16:00:01.517Z,1560.057,838311936,860479488,0,835722240,831029248,4640768,831029248,2641920,0,0,0,13360893952,0,0.78
2026-08-28T16:00:11.518Z,1570.058,838295552,860479488,0,835705856,831012864,4640768,831012864,2641920,0,0,0,13335334912,0,0.73
2026-08-28T16:00:21.517Z,1580.057,838221824,860479488,0,835632128,830939136,4640768,830939136,2641920,0,0,0,13359407104,0,0.69
2026-08-28T16:00:31.520Z,1590.06,838115328,860479488,0,835562496,830869504,4640768,830869504,2641920,0,0,0,13366722560,0,0.73
2026-08-28T16:00:41.522Z,1600.062,838078464,860479488,0,835488768,830795776,4640768,830795776,2641920,0,0,0,13367361536,0,0.62
2026-08-28T16:00:51.517Z,1610.057,837931008,860479488,0,835341312,830648320,4640768,830648320,2641920,0,0,0,13371023360,0,0.93
2026-08-28T16:01:01.523Z,1620.063,837967872,860479488,0,835378176,830685184,4640768,830685184,2641920,0,0,0,13366325248,0,0.94
2026-08-28T16:01:11.524Z,1630.064,837992448,860479488,0,835402752,830709760,4640768,830709760,2641920,0,0,0,13348458496,0,0.79
2026-08-28T16:01:21.519Z,1640.059,837918720,860479488,0,835329024,830636032,4640768,830636032,2641920,0,0,0,13363122176,0,0.75
2026-08-28T16:01:31.524Z,1650.064,837812224,860479488,0,835259392,830566400,4640768,830566400,2641920,0,0,0,13373796352,0,0.78
2026-08-28T16:01:41.517Z,1660.057,837795840,860479488,0,835243008,830550016,4640768,830550016,2641920,0,0,0,13360558080,0,0.74
2026-08-28T16:01:51.516Z,1670.056,837840896,860479488,0,835288064,830595072,4640768,830595072,2641920,0,0,0,13363695616,0,0.63
2026-08-28T16:02:01.511Z,1680.051,837812224,860479488,0,835220480,830529536,4640768,830529536,2641920,0,0,0,13368627200,0,0.53
2026-08-28T16:02:11.517Z,1690.057,837730304,860479488,0,835177472,830484480,4640768,830484480,2641920,0,0,0,13366910976,0,0.69
2026-08-28T16:02:21.517Z,1700.057,837791744,860479488,0,835202048,830509056,4640768,830509056,2641920,0,0,0,13370023936,0,0.58
2026-08-28T16:02:31.519Z,1710.059,837718016,860479488,0,835128320,830435328,4640768,830435328,2641920,0,0,0,13347246080,0,0.57
2026-08-28T16:02:41.523Z,1720.063,837644288,860479488,0,835054592,830361600,4640768,830361600,2641920,0,0,0,13364576256,0,0.56
2026-08-28T16:02:51.499Z,1730.039,837578752,860479488,0,834989056,830296064,4640768,830296064,2641920,0,0,0,13366292480,0,0.55
2026-08-28T16:03:01.530Z,1740.07,837451776,860479488,0,834862080,830169088,4640768,830169088,2641920,0,0,0,13363380224,0,0.78
2026-08-28T16:03:11.524Z,1750.064,837492736,860479488,0,834903040,830210048,4640768,830210048,2641920,0,0,0,13362774016,0,0.82
2026-08-28T16:03:21.520Z,1760.06,836296704,860479488,0,833707008,829014016,4640768,829014016,2641920,0,0,0,13365407744,0,0.69
2026-08-28T16:03:31.518Z,1770.058,837476352,860479488,0,834886656,830193664,4640768,830193664,2641920,0,0,0,13365927936,0,0.58
2026-08-28T16:03:41.518Z,1780.058,837525504,860479488,0,834935808,830242816,4640768,830242816,2641920,0,0,0,13373022208,0,0.49
2026-08-28T16:03:51.518Z,1790.058,837451776,860479488,0,834862080,830169088,4640768,830169088,2641920,0,0,0,13362823168,0,0.5
2026-08-28T16:04:01.518Z,1800.058,837373952,860479488,0,834784256,830091264,4640768,830091264,2641920,0,0,0,13365805056,0,0.42
2026-08-28T16:04:11.518Z,1810.058,837308416,860479488,0,834718720,830025728,4640768,830025728,2641920,0,0,0,13364850688,0,0.36
2026-08-28T16:04:21.522Z,1820.062,836087808,860479488,0,833534976,828841984,4640768,828841984,2641920,0,0,0,13371715584,0,0.3
2026-08-28T16:04:31.518Z,1830.058,833372160,860479488,0,830782464,826089472,4640768,826089472,2641920,0,0,0,13377597440,0,0.33
2026-08-28T16:04:41.518Z,1840.058,833347584,860479488,0,830757888,826064896,4640768,826064896,2641920,0,0,0,13377585152,0,0.36
2026-08-28T16:04:51.518Z,1850.058,833368064,860479488,0,830778368,826085376,4640768,826085376,2641920,0,0,0,13375639552,0,0.46
2026-08-28T16:05:01.525Z,1860.065,833388544,860479488,0,830798848,826105856,4640768,826105856,2641920,0,0,0,13387673600,0,0.39
2026-08-28T16:05:11.524Z,1870.064,833355776,860479488,0,830766080,826073088,4640768,826073088,2641920,0,0,0,13374296064,0,0.33
2026-08-28T16:05:21.520Z,1880.06,833339392,860479488,0,830749696,826056704,4640768,826056704,2641920,0,0,0,13376811008,0,0.36
2026-08-28T16:05:31.524Z,1890.064,833388544,860479488,0,830798848,826105856,4640768,826105856,2641920,0,0,0,13365252096,0,0.3
2026-08-28T16:05:41.525Z,1900.065,833282048,860479488,0,830729216,826036224,4640768,826036224,2641920,0,0,0,13364428800,0,0.25
2026-08-28T16:05:51.524Z,1910.064,833306624,860479488,0,830716928,826023936,4640768,826023936,2641920,0,0,0,13379129344,0,0.29
2026-08-28T16:06:01.525Z,1920.065,833241088,860479488,0,830651392,825958400,4640768,825958400,2641920,0,0,0,13374132224,0,0.24
2026-08-28T16:06:11.519Z,1930.059,833208320,860479488,0,830618624,825925632,4640768,825925632,2641920,0,0,0,13368283136,0,0.28
2026-08-28T16:06:21.517Z,1940.057,833126400,860479488,0,830536704,825843712,4640768,825843712,2641920,0,0,0,13356875776,0,0.39
2026-08-28T16:06:31.524Z,1950.064,833056768,860479488,0,830467072,825774080,4640768,825774080,2641920,0,0,0,13375512576,0,0.4
2026-08-28T16:06:41.523Z,1960.063,833044480,860479488,0,830454784,825761792,4640768,825761792,2641920,0,0,0,13379211264,0,0.34
2026-08-28T16:06:51.519Z,1970.059,832983040,860479488,0,830393344,825700352,4640768,825700352,2641920,0,0,0,13375287296,0,0.36
2026-08-28T16:07:01.527Z,1980.067,832991232,860479488,0,830401536,825708544,4640768,825708544,2641920,0,0,0,13374103552,0,0.38
2026-08-28T16:07:11.519Z,1990.059,832925696,860479488,0,830372864,825679872,4640768,825679872,2641920,0,0,0,13382500352,0,0.32
2026-08-28T16:07:21.520Z,2000.06,833007616,860479488,0,830417920,825724928,4640768,825724928,2641920,0,0,0,13364846592,0,0.35
2026-08-28T16:07:31.518Z,2010.058,832892928,860479488,0,830303232,825610240,4640768,825610240,2641920,0,0,0,13379104768,0,0.29
2026-08-28T16:07:41.523Z,2020.063,832827392,860479488,0,830237696,825544704,4640768,825544704,2641920,0,0,0,13362016256,0,0.25
2026-08-28T16:07:51.525Z,2030.065,832794624,860479488,0,830204928,825511936,4640768,825511936,2641920,0,0,0,13362036736,0,0.21
2026-08-28T16:08:01.519Z,2040.059,832704512,860479488,0,830123008,825430016,4640768,825430016,2641920,0,0,0,13357006848,0,0.18
2026-08-28T16:08:11.524Z,2050.064,832684032,860479488,0,830102528,825409536,4640768,825409536,2641920,0,0,0,13350567936,0,0.15
2026-08-28T16:08:21.521Z,2060.061,832598016,860479488,0,830020608,825327616,4640768,825327616,2641920,0,0,0,13345062912,0,0.28
2026-08-28T16:08:31.519Z,2070.059,832573440,860479488,0,829996032,825303040,4640768,825303040,2641920,0,0,0,13337874432,0,0.31
2026-08-28T16:08:41.525Z,2080.065,832503808,860479488,0,829914112,825221120,4640768,825221120,2641920,0,0,0,13342765056,0,0.34
2026-08-28T16:08:51.520Z,2090.06,832651264,860479488,0,830098432,825405440,4640768,825405440,2641920,0,0,0,13331464192,0,0.28
2026-08-28T16:09:01.524Z,2100.064,833241088,860479488,0,830675968,825982976,4640768,825982976,2641920,0,0,0,13319856128,0,0.31
2026-08-28T16:09:11.519Z,2110.059,833421312,860479488,0,830839808,826146816,4640768,826146816,2641920,0,0,0,13336170496,0,0.27
2026-08-28T16:09:21.525Z,2120.065,833105920,860479488,0,830520320,825827328,4640768,825827328,2641920,0,0,0,13364310016,0,0.3
2026-08-28T16:09:31.520Z,2130.06,833556480,860479488,0,830970880,826277888,4640768,826277888,2641920,0,0,0,13369217024,0,0.26
2026-08-28T16:09:41.519Z,2140.059,833454080,860479488,0,830864384,826171392,4640768,826171392,2641920,0,0,0,13365039104,0,0.29
2026-08-28T16:09:51.523Z,2150.063,833679360,860479488,0,831093760,826400768,4640768,826400768,2641920,0,0,0,13352833024,0,0.48
2026-08-28T16:10:01.520Z,2160.06,830181376,860479488,0,827591680,822898688,4640768,822898688,2641920,0,0,0,13348859904,0,0.48
2026-08-28T16:10:11.527Z,2170.067,830648320,860479488,0,828070912,823377920,4640768,823377920,2641920,0,0,0,13343580160,0,0.41
2026-08-28T16:10:21.529Z,2180.069,827543552,860479488,0,824966144,820273152,4640768,820273152,2641920,0,0,0,13351034880,0,0.42
2026-08-28T16:10:31.520Z,2190.06,827981824,860479488,0,825404416,820711424,4640768,820711424,2641920,0,0,0,13355343872,0,0.51
2026-08-28T16:10:41.525Z,2200.065,828518400,860479488,0,825940992,821248000,4640768,821248000,2641920,0,0,0,13355892736,0,0.51
2026-08-28T16:10:51.520Z,2210.06,829440000,860479488,0,826862592,822169600,4640768,822169600,2641920,0,0,0,13334618112,0,0.51
2026-08-28T16:11:01.526Z,2220.066,829677568,860479488,0,827091968,822398976,4640768,822398976,2641920,0,0,0,13340561408,0,0.43
2026-08-28T16:11:11.528Z,2230.068,829857792,860479488,0,827280384,822587392,4640768,822587392,2641920,0,0,0,13360955392,0,0.36
2026-08-28T16:11:21.520Z,2240.06,830275584,860479488,0,827698176,823005184,4640768,823005184,2641920,0,0,0,13339787264,0,0.31
2026-08-28T16:11:31.528Z,2250.068,830750720,860479488,0,828173312,823480320,4640768,823480320,2641920,0,0,0,13333225472,0,0.33
2026-08-28T16:11:41.520Z,2260.06,827441152,860479488,0,824863744,820170752,4640768,820170752,2641920,0,0,0,13339795456,0,0.36
2026-08-28T16:11:51.519Z,2270.059,828174336,860479488,0,825596928,820903936,4640768,820903936,2641920,0,0,0,13330219008,0,0.31
2026-08-28T16:12:01.521Z,2280.061,828919808,860479488,0,826342400,821649408,4640768,821649408,2641920,0,0,0,13352300544,0,0.34
2026-08-28T16:12:11.527Z,2290.067,829353984,860479488,0,826776576,822083584,4640768,822083584,2641920,0,0,0,13356662784,0,0.45
2026-08-28T16:12:21.528Z,2300.068,829792256,860479488,0,827214848,822521856,4640768,822521856,2641920,0,0,0,13370740736,0,0.38
2026-08-28T16:12:31.520Z,2310.06,830218240,860479488,0,827640832,822947840,4640768,822947840,2641920,0,0,0,13354119168,0,0.32
2026-08-28T16:12:41.527Z,2320.067,830636032,860479488,0,828058624,823365632,4640768,823365632,2641920,0,0,0,13345345536,0,0.27
2026-08-28T16:12:51.519Z,2330.059,831053824,860479488,0,828476416,823783424,4640768,823783424,2641920,0,0,0,13355188224,0,0.31
2026-08-28T16:13:01.523Z,2340.063,831471616,860479488,0,828894208,824201216,4640768,824201216,2641920,0,0,0,13339156480,0,0.33
2026-08-28T16:13:11.521Z,2350.061,831889408,860479488,0,829299712,824606720,4640768,824606720,2641920,0,0,0,13344104448,0,0.44
2026-08-28T16:13:21.525Z,2360.065,832225280,860479488,0,829647872,824954880,4640768,824954880,2641920,0,0,0,13334556672,0,0.44
2026-08-28T16:13:31.523Z,2370.063,832724992,860479488,0,830147584,825454592,4640768,825454592,2641920,0,0,0,13336756224,0,0.46
2026-08-28T16:13:41.523Z,2380.063,832843776,860479488,0,830266368,825573376,4640768,825573376,2641920,0,0,0,13344210944,0,0.46
2026-08-28T16:13:51.525Z,2390.065,832966656,860479488,0,830389248,825696256,4640768,825696256,2641920,0,0,0,13335429120,0,0.54
2026-08-28T16:14:01.522Z,2400.062,833089536,860479488,0,830512128,825819136,4640768,825819136,2641920,0,0,0,13344862208,0,0.46
2026-08-28T16:14:11.527Z,2410.067,833093632,860479488,0,830516224,825823232,4640768,825823232,2641920,0,0,0,13326655488,0,0.46
2026-08-28T16:14:21.521Z,2420.061,833200128,860479488,0,830622720,825929728,4640768,825929728,2641920,0,0,0,13320101888,0,0.55
2026-08-28T16:14:31.525Z,2430.065,833306624,860479488,0,830729216,826036224,4640768,826036224,2641920,0,0,0,13329575936,0,0.46
2026-08-28T16:14:41.529Z,2440.069,833413120,860479488,0,830835712,826142720,4640768,826142720,2641920,0,0,0,13327818752,0,0.47
2026-08-28T16:14:51.534Z,2450.074,832512000,860479488,0,829959168,825266176,4640768,825266176,2641920,0,0,0,13346422784,0,0.55
2026-08-28T16:15:01.524Z,2460.064,833626112,860479488,0,831048704,826355712,4640768,826355712,2641920,0,0,0,13335674880,0,0.47
2026-08-28T16:15:11.530Z,2470.07,832737280,860479488,0,830184448,825491456,4640768,825491456,2641920,0,0,0,13325791232,0,0.55
2026-08-28T16:15:21.521Z,2480.061,833871872,860479488,0,831294464,826601472,4640768,826601472,2641920,0,0,0,13313011712,0,0.46
2026-08-28T16:15:31.523Z,2490.063,833994752,860479488,0,831417344,826724352,4640768,826724352,2641920,0,0,0,13316067328,0,0.39
2026-08-28T16:15:41.528Z,2500.068,834105344,860479488,0,831527936,826834944,4640768,826834944,2641920,0,0,0,13302624256,0,0.33
2026-08-28T16:15:51.524Z,2510.064,834224128,860479488,0,831646720,826953728,4640768,826953728,2641920,0,0,0,13317521408,0,0.43
2026-08-28T16:16:01.523Z,2520.063,833323008,860479488,0,830770176,826077184,4640768,826077184,2641920,0,0,0,13315907584,0,0.37
2026-08-28T16:16:11.527Z,2530.067,830607360,860479488,0,828029952,823336960,4640768,823336960,2641920,0,0,0,13316534272,0,0.31
2026-08-28T16:16:21.521Z,2540.061,830713856,860479488,0,828136448,823443456,4640768,823443456,2641920,0,0,0,13323681792,0,0.42
2026-08-28T16:16:31.523Z,2550.063,830922752,860479488,0,828345344,823652352,4640768,823652352,2641920,0,0,0,13326090240,0,0.35
2026-08-28T16:16:41.525Z,2560.065,831029248,860479488,0,828439552,823746560,4640768,823746560,2641920,0,0,0,13330010112,0,0.38
2026-08-28T16:16:51.520Z,2570.06,830144512,860479488,0,827591680,822898688,4640768,822898688,2641920,0,0,0,13331107840,0,0.39
2026-08-28T16:17:01.526Z,2580.066,831270912,860479488,0,828693504,824000512,4640768,824000512,2641920,0,0,0,13334155264,0,0.41
2026-08-28T16:17:11.525Z,2590.065,831385600,860479488,0,828808192,824115200,4640768,824115200,2641920,0,0,0,13330665472,0,0.34
2026-08-28T16:17:21.533Z,2600.073,831512576,860479488,0,828935168,824242176,4640768,824242176,2641920,0,0,0,13344497664,0,0.29
2026-08-28T16:17:31.529Z,2610.069,831627264,860479488,0,829049856,824356864,4640768,824356864,2641920,0,0,0,13328474112,0,0.33
2026-08-28T16:17:41.524Z,2620.064,831733760,860479488,0,829156352,824463360,4640768,824463360,2641920,0,0,0,13320810496,0,0.36
2026-08-28T16:17:51.526Z,2630.066,831840256,860479488,0,829262848,824569856,4640768,824569856,2641920,0,0,0,13324017664,0,0.3
2026-08-28T16:18:01.523Z,2640.063,830939136,860479488,0,828386304,823693312,4640768,823693312,2641920,0,0,0,13329907712,0,0.33
2026-08-28T16:18:11.525Z,2650.065,832053248,860479488,0,829475840,824782848,4640768,824782848,2641920,0,0,0,13313232896,0,0.51
2026-08-28T16:18:21.532Z,2660.072,832159744,860479488,0,829582336,824889344,4640768,824889344,2641920,0,0,0,13329383424,0,0.43
2026-08-28T16:18:31.526Z,2670.066,832282624,860479488,0,829705216,825012224,4640768,825012224,2641920,0,0,0,13328621568,0,0.45
2026-08-28T16:18:41.523Z,2680.063,832405504,860479488,0,829828096,825135104,4640768,825135104,2641920,0,0,0,13328969728,0,0.38
2026-08-28T16:18:51.523Z,2690.063,832520192,860479488,0,829942784,825249792,4640768,825249792,2641920,0,0,0,13320396800,0,0.39
2026-08-28T16:19:01.523Z,2700.063,832643072,860479488,0,830053376,825360384,4640768,825360384,2641920,0,0,0,13325320192,0,0.33
2026-08-28T16:19:11.531Z,2710.071,831750144,860479488,0,829197312,824504320,4640768,824504320,2641920,0,0,0,13343789056,0,0.36
2026-08-28T16:19:21.524Z,2720.064,832864256,860479488,0,830286848,825593856,4640768,825593856,2641920,0,0,0,13328191488,0,0.39
2026-08-28T16:19:31.525Z,2730.065,832970752,860479488,0,830393344,825700352,4640768,825700352,2641920,0,0,0,13335896064,0,0.4
2026-08-28T16:19:41.529Z,2740.069,833077248,860479488,0,830499840,825806848,4640768,825806848,2641920,0,0,0,13321736192,0,0.34
2026-08-28T16:19:51.524Z,2750.064,833183744,860479488,0,830606336,825913344,4640768,825913344,2641920,0,0,0,13331316736,0,0.36
2026-08-28T16:20:01.523Z,2760.063,833290240,860479488,0,830712832,826019840,4640768,826019840,2641920,0,0,0,13331382272,0,0.3
2026-08-28T16:20:11.525Z,2770.065,833413120,860479488,0,830835712,826142720,4640768,826142720,2641920,0,0,0,13326032896,0,0.41
2026-08-28T16:20:21.525Z,2780.065,833540096,860479488,0,830962688,826269696,4640768,826269696,2641920,0,0,0,13350268928,0,0.35
2026-08-28T16:20:31.524Z,2790.064,833662976,860479488,0,831085568,826392576,4640768,826392576,2641920,0,0,0,13338529792,0,0.37
2026-08-28T16:20:41.528Z,2800.068,833560576,860479488,0,831007744,826314752,4640768,826314752,2641920,0,0,0,13326315520,0,0.31
2026-08-28T16:20:51.523Z,2810.063,833888256,860479488,0,831310848,826617856,4640768,826617856,2641920,0,0,0,13324738560,0,0.26
2026-08-28T16:21:01.524Z,2820.064,833994752,860479488,0,831417344,826724352,4640768,826724352,2641920,0,0,0,13325070336,0,0.3
2026-08-28T16:21:11.527Z,2830.067,834101248,860479488,0,831523840,826830848,4640768,826830848,2641920,0,0,0,13330534400,0,0.25
2026-08-28T16:21:21.523Z,2840.063,834207744,860479488,0,831630336,826937344,4640768,826937344,2641920,0,0,0,13320699904,0,0.29
2026-08-28T16:21:31.524Z,2850.064,834314240,860479488,0,831736832,827043840,4640768,827043840,2641920,0,0,0,13319409664,0,0.54
2026-08-28T16:21:41.532Z,2860.072,834433024,860479488,0,831855616,827162624,4640768,827162624,2641920,0,0,0,13328629760,0,0.61
2026-08-28T16:21:51.533Z,2870.073,834478080,860479488,0,831925248,827232256,4640768,827232256,2641920,0,0,0,13314363392,0,0.52
2026-08-28T16:22:01.525Z,2880.065,830849024,860479488,0,828271616,823578624,4640768,823578624,2641920,0,0,0,13331607552,0,0.51
2026-08-28T16:22:11.528Z,2890.068,830967808,860479488,0,828390400,823697408,4640768,823697408,2641920,0,0,0,13330030592,0,0.59
2026-08-28T16:22:21.526Z,2900.066,831307776,860479488,0,828730368,824037376,4640768,824037376,2641920,0,0,0,13327863808,0,0.5
2026-08-28T16:22:31.526Z,2910.066,831414272,860479488,0,828836864,824143872,4640768,824143872,2641920,0,0,0,13329272832,0,0.5
2026-08-28T16:22:41.527Z,2920.067,831520768,860479488,0,828943360,824250368,4640768,824250368,2641920,0,0,0,13314301952,0,0.5
2026-08-28T16:22:51.534Z,2930.074,831627264,860479488,0,829049856,824356864,4640768,824356864,2641920,0,0,0,13319929856,0,0.58
2026-08-28T16:23:01.532Z,2940.072,831733760,860479488,0,829156352,824463360,4640768,824463360,2641920,0,0,0,13323694080,0,0.64
2026-08-28T16:23:11.524Z,2950.064,831840256,860479488,0,829262848,824569856,4640768,824569856,2641920,0,0,0,13327503360,0,0.7
2026-08-28T16:23:21.523Z,2960.063,830955520,860479488,0,828402688,823709696,4640768,823709696,2641920,0,0,0,13329121280,0,0.67
2026-08-28T16:23:31.524Z,2970.064,832086016,860479488,0,829508608,824815616,4640768,824815616,2641920,0,0,0,13349957632,0,0.56
2026-08-28T16:23:41.528Z,2980.068,832208896,860479488,0,829631488,824938496,4640768,824938496,2641920,0,0,0,13354594304,0,0.48
2026-08-28T16:23:51.526Z,2990.066,832249856,860479488,0,829697024,825004032,4640768,825004032,2641920,0,0,0,13319585792,0,0.4
2026-08-28T16:24:01.524Z,3000.064,832438272,860479488,0,829860864,825167872,4640768,825167872,2641920,0,0,0,13323005952,0,0.34
2026-08-28T16:24:11.529Z,3010.069,832544768,860479488,0,829967360,825274368,4640768,825274368,2641920,0,0,0,13334933504,0,0.37
2026-08-28T16:24:21.527Z,3020.067,832651264,860479488,0,830073856,825380864,4640768,825380864,2641920,0,0,0,13331222528,0,0.47
2026-08-28T16:24:31.526Z,3030.066,832757760,860479488,0,830180352,825487360,4640768,825487360,2641920,0,0,0,13330616320,0,0.47
2026-08-28T16:24:41.526Z,3040.066,831856640,860479488,0,829303808,824610816,4640768,824610816,2641920,0,0,0,13331144704,0,0.4
2026-08-28T16:24:51.529Z,3050.069,832970752,860479488,0,830393344,825700352,4640768,825700352,2641920,0,0,0,13335183360,0,0.33
2026-08-28T16:25:01.526Z,3060.066,833060864,860479488,0,830508032,825815040,4640768,825815040,2641920,0,0,0,13330755584,0,0.36
2026-08-28T16:25:11.533Z,3070.073,833249280,860479488,0,830671872,825978880,4640768,825978880,2641920,0,0,0,13327785984,0,0.45
2026-08-28T16:25:21.526Z,3080.066,833355776,860479488,0,830778368,826085376,4640768,826085376,2641920,0,0,0,13318221824,0,0.38
2026-08-28T16:25:31.526Z,3090.066,833462272,860479488,0,830884864,826191872,4640768,826191872,2641920,0,0,0,13330976768,0,0.41
2026-08-28T16:25:41.532Z,3100.072,833568768,860479488,0,830991360,826298368,4640768,826298368,2641920,0,0,0,13329846272,0,0.34
2026-08-28T16:25:51.525Z,3110.065,833675264,860479488,0,831097856,826404864,4640768,826404864,2641920,0,0,0,13325860864,0,0.29
2026-08-28T16:26:01.524Z,3120.064,833781760,860479488,0,831204352,826511360,4640768,826511360,2641920,0,0,0,13329321984,0,0.32
2026-08-28T16:26:11.529Z,3130.069,833888256,860479488,0,831310848,826617856,4640768,826617856,2641920,0,0,0,13352099840,0,0.34
2026-08-28T16:26:21.531Z,3140.071,833994752,860479488,0,831417344,826724352,4640768,826724352,2641920,0,0,0,13321744384,0,0.37
2026-08-28T16:26:31.531Z,3150.071,834019328,860479488,0,831466496,826773504,4640768,826773504,2641920,0,0,0,13340127232,0,0.47
2026-08-28T16:26:41.527Z,3160.067,834228224,860479488,0,831650816,826957824,4640768,826957824,2641920,0,0,0,13336346624,0,0.39
2026-08-28T16:26:51.523Z,3170.063,834355200,860479488,0,831777792,827084800,4640768,827084800,2641920,0,0,0,13336043520,0,0.41
2026-08-28T16:27:01.530Z,3180.07,834482176,860479488,0,831904768,827211776,4640768,827211776,2641920,0,0,0,13345325056,0,0.35
2026-08-28T16:27:11.522Z,3190.062,834592768,860479488,0,832015360,827322368,4640768,827322368,2641920,0,0,0,13333372928,0,0.37
2026-08-28T16:27:21.529Z,3200.069,834699264,860479488,0,832121856,827428864,4640768,827428864,2641920,0,0,0,13328281600,0,0.31
2026-08-28T16:27:31.529Z,3210.069,834863104,860479488,0,832285696,827592704,4640768,827592704,2641920,0,0,0,13326831616,0,0.34
2026-08-28T16:27:41.526Z,3220.066,834945024,860479488,0,832392192,827699200,4640768,827699200,2641920,0,0,0,13325889536,0,0.45
2026-08-28T16:27:51.528Z,3230.068,831303680,860479488,0,828726272,824033280,4640768,824033280,2641920,0,0,0,13333438464,0,0.38
2026-08-28T16:28:01.525Z,3240.065,830402560,860479488,0,827849728,823156736,4640768,823156736,2641920,0,0,0,13329731584,0,0.32
2026-08-28T16:28:11.528Z,3250.068,831651840,860479488,0,829062144,824369152,4640768,824369152,2641920,0,0,0,13360259072,0,0.5
2026-08-28T16:28:21.528Z,3260.068,831758336,860479488,0,829180928,824487936,4640768,824487936,2641920,0,0,0,13364297728,0,0.42
2026-08-28T16:28:31.530Z,3270.07,831873024,860479488,0,829295616,824602624,4640768,824602624,2641920,0,0,0,13364539392,0,0.36
2026-08-28T16:28:41.527Z,3280.067,831995904,860479488,0,829418496,824725504,4640768,824725504,2641920,0,0,0,13361856512,0,0.38
2026-08-28T16:28:51.529Z,3290.069,832110592,860479488,0,829533184,824840192,4640768,824840192,2641920,0,0,0,13365325824,0,0.32
2026-08-28T16:29:01.531Z,3300.071,832217088,860479488,0,829639680,824946688,4640768,824946688,2641920,0,0,0,13370953728,0,0.35
2026-08-28T16:29:11.535Z,3310.074,832323584,860479488,0,829746176,825053184,4640768,825053184,2641920,0,0,0,13352218624,0,0.37
2026-08-28T16:29:21.526Z,3320.066,832430080,860479488,0,829840384,825147392,4640768,825147392,2641920,0,0,0,13356007424,0,0.46
2026-08-28T16:29:31.536Z,3330.076,832536576,860479488,0,829959168,825266176,4640768,825266176,2641920,0,0,0,13362774016,0,0.47
2026-08-28T16:29:41.526Z,3340.066,832643072,860479488,0,830065664,825372672,4640768,825372672,2641920,0,0,0,13346914304,0,0.47
2026-08-28T16:29:51.534Z,3350.074,832765952,860479488,0,830188544,825495552,4640768,825495552,2641920,0,0,0,13339283456,0,0.47
2026-08-28T16:30:01.526Z,3360.066,832892928,860479488,0,830315520,825622528,4640768,825622528,2641920,0,0,0,13343981568,0,0.48
2026-08-28T16:30:11.524Z,3370.064,833011712,860479488,0,830434304,825741312,4640768,825741312,2641920,0,0,0,13336748032,0,0.4
2026-08-28T16:30:21.529Z,3380.069,833130496,860479488,0,830553088,825860096,4640768,825860096,2641920,0,0,0,13331345408,0,0.34
2026-08-28T16:30:31.525Z,3390.065,833241088,860479488,0,830663680,825970688,4640768,825970688,2641920,0,0,0,13334503424,0,0.29
2026-08-28T16:30:41.525Z,3400.065,833265664,860479488,0,830712832,826019840,4640768,826019840,2641920,0,0,0,13329219584,0,0.24
2026-08-28T16:30:51.526Z,3410.066,833454080,860479488,0,830876672,826183680,4640768,826183680,2641920,0,0,0,13325127680,0,0.29
2026-08-28T16:31:01.532Z,3420.072,833478656,860479488,0,830925824,826232832,4640768,826232832,2641920,0,0,0,13351616512,0,0.32
2026-08-28T16:31:11.524Z,3430.064,833667072,860479488,0,831089664,826396672,4640768,826396672,2641920,0,0,0,13325840384,0,0.34
2026-08-28T16:31:21.525Z,3440.065,833773568,860479488,0,831196160,826503168,4640768,826503168,2641920,0,0,0,13338484736,0,0.37
2026-08-28T16:31:31.527Z,3450.067,833900544,860479488,0,831323136,826630144,4640768,826630144,2641920,0,0,0,13332148224,0,0.47
2026-08-28T16:31:41.535Z,3460.075,834019328,860479488,0,831441920,826748928,4640768,826748928,2641920,0,0,0,13338107904,0,0.47
2026-08-28T16:31:51.526Z,3470.066,834134016,860479488,0,831556608,826863616,4640768,826863616,2641920,0,0,0,13332738048,0,0.55
2026-08-28T16:32:01.534Z,3480.074,834256896,860479488,0,831679488,826986496,4640768,826986496,2641920,0,0,0,13332709376,0,0.62
2026-08-28T16:32:11.529Z,3490.069,834289664,860479488,0,831736832,827043840,4640768,827043840,2641920,0,0,0,13336178688,0,0.6
2026-08-28T16:32:21.526Z,3500.066,834478080,860479488,0,831900672,827207680,4640768,827207680,2641920,0,0,0,13335146496,0,0.58
2026-08-28T16:32:31.534Z,3510.074,834584576,860479488,0,832007168,827314176,4640768,827314176,2641920,0,0,0,13343997952,0,0.49
2026-08-28T16:32:41.533Z,3520.073,834691072,860479488,0,832113664,827420672,4640768,827420672,2641920,0,0,0,13344555008,0,0.57
2026-08-28T16:32:51.526Z,3530.066,834797568,860479488,0,832220160,827527168,4640768,827527168,2641920,0,0,0,13340983296,0,0.56
2026-08-28T16:33:01.526Z,3540.066,834912256,860479488,0,832334848,827641856,4640768,827641856,2641920,0,0,0,13335359488,0,0.47
2026-08-28T16:33:11.532Z,3550.072,835035136,860479488,0,832445440,827752448,4640768,827752448,2641920,0,0,0,13333164032,0,0.48
2026-08-28T16:33:21.528Z,3560.068,835158016,860479488,0,832580608,827887616,4640768,827887616,2641920,0,0,0,13334482944,0,0.56
2026-08-28T16:33:31.534Z,3570.074,835268608,860479488,0,832691200,827998208,4640768,827998208,2641920,0,0,0,13318385664,0,0.55
2026-08-28T16:33:41.536Z,3580.076,831565824,860479488,0,828988416,824295424,4640768,824295424,2641920,0,0,0,13319589888,0,0.46
2026-08-28T16:33:51.529Z,3590.069,831672320,860479488,0,829094912,824401920,4640768,824401920,2641920,0,0,0,13324816384,0,0.39
2026-08-28T16:34:01.532Z,3600.072,831893504,860479488,0,829301760,824610816,4640768,824610816,2641920,0,0,0,13331226624,0,0.33
2026-08-28T16:34:11.527Z,3610.067,831987712,860479488,0,829410304,824717312,4640768,824717312,2641920,0,0,0,13338103808,0,0.28
2026-08-28T16:34:21.530Z,3620.07,832094208,860479488,0,829516800,824823808,4640768,824823808,2641920,0,0,0,13355339776,0,0.31
2026-08-28T16:34:31.532Z,3630.072,832131072,860479488,0,829541376,824848384,4640768,824848384,2641920,0,0,0,13356023808,0,0.34
2026-08-28T16:34:41.533Z,3640.073,832315392,860479488,0,829737984,825044992,4640768,825044992,2641920,0,0,0,13357465600,0,0.45
2026-08-28T16:34:51.532Z,3650.072,831434752,860479488,0,828881920,824188928,4640768,824188928,2641920,0,0,0,13372239872,0,0.45
2026-08-28T16:35:01.527Z,3660.067,832565248,860479488,0,829987840,825294848,4640768,825294848,2641920,0,0,0,13375148032,0,0.38
2026-08-28T16:35:11.527Z,3670.067,832692224,860479488,0,830114816,825421824,4640768,825421824,2641920,0,0,0,13372727296,0,0.33
2026-08-28T16:35:21.525Z,3680.065,832798720,860479488,0,830221312,825528320,4640768,825528320,2641920,0,0,0,13368479744,0,0.27
2026-08-28T16:35:31.525Z,3690.065,832905216,860479488,0,830327808,825634816,4640768,825634816,2641920,0,0,0,13376565248,0,0.31
2026-08-28T16:35:41.533Z,3700.073,833011712,860479488,0,830434304,825741312,4640768,825741312,2641920,0,0,0,13355036672,0,0.34
