timestamp,elapsed_seconds,scheduled,completed,failed,interval_completed,interval_failed,transaction_attempts,interval_transaction_attempts
2026-08-29T11:50:37.605Z,10.005,501,500,0,500,0,100,100
2026-08-29T11:50:47.606Z,20.006,1001,1000,0,500,0,200,100
2026-08-29T11:50:57.606Z,30.006,1501,1500,0,500,0,300,100
2026-08-29T11:51:07.606Z,40.006,2001,2000,0,500,0,400,100
2026-08-29T11:51:17.607Z,50.007,2501,2500,0,500,0,500,100
2026-08-29T11:51:27.606Z,60.006,3001,3000,0,500,0,600,100
2026-08-29T11:51:37.606Z,70.006,3501,3500,0,500,0,700,100
2026-08-29T11:51:47.606Z,80.006,4001,4000,0,500,0,800,100
2026-08-29T11:51:57.606Z,90.006,4501,4500,0,500,0,900,100
2026-08-29T11:52:07.606Z,100.006,5001,5000,0,500,0,1000,100
2026-08-29T11:52:17.606Z,110.006,5501,5500,0,500,0,1100,100
2026-08-29T11:52:27.607Z,120.007,6001,6000,0,500,0,1200,100
2026-08-29T11:52:37.607Z,130.007,6501,6500,0,500,0,1300,100
2026-08-29T11:52:47.607Z,140.007,7001,7000,0,500,0,1400,100
2026-08-29T11:52:57.607Z,150.007,7501,7500,0,500,0,1500,100
2026-08-29T11:53:07.608Z,160.008,8001,8001,0,501,0,1600,100
2026-08-29T11:53:17.609Z,170.009,8501,8501,0,500,0,1700,100
2026-08-29T11:53:27.608Z,180.008,9001,9000,0,499,0,1800,100
2026-08-29T11:53:37.608Z,190.008,9501,9501,0,501,0,1900,100
2026-08-29T11:53:47.608Z,200.008,10001,10001,0,500,0,2000,100
2026-08-29T11:53:57.608Z,210.008,10501,10501,0,500,0,2100,100
2026-08-29T11:54:07.608Z,220.008,11001,11000,0,499,0,2200,100
2026-08-29T11:54:17.608Z,230.008,11501,11501,0,501,0,2300,100
2026-08-29T11:54:27.611Z,240.011,12001,12001,0,500,0,2400,100
2026-08-29T11:54:37.611Z,250.011,12501,12501,0,500,0,2500,100
2026-08-29T11:54:47.611Z,260.011,13001,13001,0,500,0,2600,100
2026-08-29T11:54:57.611Z,270.011,13501,13501,0,500,0,2700,100
2026-08-29T11:55:07.611Z,280.011,14001,14001,0,500,0,2800,100
2026-08-29T11:55:17.611Z,290.011,14501,14501,0,500,0,2900,100
2026-08-29T11:55:27.611Z,300.011,15001,15001,0,500,0,3000,100
2026-08-29T11:55:37.611Z,310.011,15501,15501,0,500,0,3100,100
2026-08-29T11:55:47.612Z,320.012,16001,16001,0,500,0,3200,100
2026-08-29T11:55:57.612Z,330.012,16501,16501,0,500,0,3300,100
2026-08-29T11:56:07.611Z,340.011,17001,17001,0,500,0,3400,100
2026-08-29T11:56:17.612Z,350.012,17501,17501,0,500,0,3500,100
2026-08-29T11:56:27.612Z,360.012,18001,18001,0,500,0,3600,100
2026-08-29T11:56:37.612Z,370.012,18501,18501,0,500,0,3700,100
2026-08-29T11:56:47.612Z,380.012,19001,19001,0,500,0,3800,100
2026-08-29T11:56:57.613Z,390.013,19501,19501,0,500,0,3900,100
2026-08-29T11:57:07.613Z,400.013,20001,20001,0,500,0,4000,100
2026-08-29T11:57:17.612Z,410.012,20501,20501,0,500,0,4100,100
2026-08-29T11:57:27.613Z,420.013,21001,21001,0,500,0,4200,100
2026-08-29T11:57:37.613Z,430.013,21501,21501,0,500,0,4300,100
2026-08-29T11:57:47.613Z,440.013,22001,22001,0,500,0,4400,100
2026-08-29T11:57:57.613Z,450.013,22501,22501,0,500,0,4500,100
2026-08-29T11:58:07.613Z,460.013,23001,23001,0,500,0,4600,100
2026-08-29T11:58:17.613Z,470.013,23501,23501,0,500,0,4700,100
2026-08-29T11:58:27.614Z,480.014,24001,24001,0,500,0,4800,100
2026-08-29T11:58:37.613Z,490.013,24501,24501,0,500,0,4900,100
2026-08-29T11:58:47.612Z,500.012,25001,25001,0,500,0,5000,100
2026-08-29T11:58:57.614Z,510.014,25501,25501,0,500,0,5100,100
2026-08-29T11:59:07.613Z,520.013,26001,26001,0,500,0,5200,100
2026-08-29T11:59:17.613Z,530.013,26501,26501,0,500,0,5300,100
2026-08-29T11:59:27.613Z,540.013,27001,27001,0,500,0,5400,100
2026-08-29T11:59:37.613Z,550.013,27501,27501,0,500,0,5500,100
2026-08-29T11:59:47.613Z,560.013,28001,28001,0,500,0,5600,100
2026-08-29T11:59:57.613Z,570.013,28501,28501,0,500,0,5700,100
2026-08-29T12:00:07.614Z,580.014,29001,29001,0,500,0,5800,100
2026-08-29T12:00:17.613Z,590.013,29501,29501,0,500,0,5900,100
2026-08-29T12:00:27.613Z,600.013,30001,30001,0,500,0,6000,100
2026-08-29T12:00:37.613Z,610.013,30501,30501,0,500,0,6100,100
2026-08-29T12:00:47.613Z,620.013,31001,31001,0,500,0,6200,100
2026-08-29T12:00:57.613Z,630.013,31501,31501,0,500,0,6300,100
2026-08-29T12:01:07.613Z,640.013,32001,32001,0,500,0,6400,100
2026-08-29T12:01:17.614Z,650.014,32501,32501,0,500,0,6500,100
2026-08-29T12:01:27.614Z,660.014,33001,33001,0,500,0,6600,100
2026-08-29T12:01:37.614Z,670.014,33501,33501,0,500,0,6700,100
2026-08-29T12:01:47.614Z,680.014,34001,34001,0,500,0,6800,100
2026-08-29T12:01:57.615Z,690.015,34501,34501,0,500,0,6900,100
2026-08-29T12:02:07.615Z,700.015,35001,35001,0,500,0,7000,100
2026-08-29T12:02:17.615Z,710.015,35501,35501,0,500,0,7100,100
2026-08-29T12:02:27.615Z,720.015,36001,36001,0,500,0,7200,100
2026-08-29T12:02:37.615Z,730.015,36501,36501,0,500,0,7300,100
2026-08-29T12:02:47.615Z,740.015,37001,37001,0,500,0,7400,100
2026-08-29T12:02:57.615Z,750.015,37501,37501,0,500,0,7500,100
2026-08-29T12:03:07.615Z,760.015,38001,38001,0,500,0,7600,100
2026-08-29T12:03:17.615Z,770.015,38501,38501,0,500,0,7700,100
2026-08-29T12:03:27.615Z,780.015,39001,39001,0,500,0,7800,100
2026-08-29T12:03:37.616Z,790.016,39501,39501,0,500,0,7900,100
2026-08-29T12:03:47.617Z,800.017,40001,40001,0,500,0,8000,100
2026-08-29T12:03:57.617Z,810.017,40501,40501,0,500,0,8100,100
2026-08-29T12:04:07.616Z,820.016,41001,41001,0,500,0,8200,100
2026-08-29T12:04:17.617Z,830.017,41441,41429,0,428,0,8288,88
2026-08-29T12:04:27.617Z,840.017,41680,41668,0,239,0,8336,48
2026-08-29T12:04:37.617Z,850.017,42061,42049,0,381,0,8412,76
2026-08-29T12:04:47.618Z,860.018,42865,42853,0,804,0,8573,161
2026-08-29T12:04:57.618Z,870.018,43501,43501,0,648,0,8700,127
2026-08-29T12:05:07.618Z,880.018,44001,44001,0,500,0,8800,100
2026-08-29T12:05:17.619Z,890.019,44501,44501,0,500,0,8900,100
2026-08-29T12:05:27.619Z,900.019,45001,45001,0,500,0,9000,100
2026-08-29T12:05:37.620Z,910.02,45501,45501,0,500,0,9100,100
2026-08-29T12:05:47.621Z,920.021,46002,46001,0,500,0,9200,100
2026-08-29T12:05:57.622Z,930.022,46502,46501,0,500,0,9300,100
2026-08-29T12:06:07.622Z,940.022,47002,47001,0,500,0,9400,100
2026-08-29T12:06:17.623Z,950.023,47502,47501,0,500,0,9500,100
2026-08-29T12:06:27.622Z,960.022,48002,48001,0,500,0,9600,100
2026-08-29T12:06:37.622Z,970.022,48502,48501,0,500,0,9700,100
2026-08-29T12:06:47.622Z,980.022,49002,49001,0,500,0,9800,100
2026-08-29T12:06:57.622Z,990.022,49502,49501,0,500,0,9900,100
2026-08-29T12:07:07.626Z,1000.026,50002,50001,0,500,0,10000,100
2026-08-29T12:07:17.633Z,1010.033,50502,50501,0,500,0,10100,100
2026-08-29T12:07:27.637Z,1020.037,51002,51001,0,500,0,10200,100
2026-08-29T12:07:37.638Z,1030.038,51502,51502,0,501,0,10300,100
2026-08-29T12:07:47.637Z,1040.037,52002,52002,0,500,0,10400,100
2026-08-29T12:07:57.637Z,1050.037,52502,52502,0,500,0,10500,100
2026-08-29T12:08:07.637Z,1060.037,53002,53002,0,500,0,10600,100
2026-08-29T12:08:17.640Z,1070.04,53502,53501,0,499,0,10700,100
2026-08-29T12:08:27.640Z,1080.04,54002,54002,0,501,0,10800,100
2026-08-29T12:08:37.640Z,1090.04,54502,54502,0,500,0,10900,100
2026-08-29T12:08:47.642Z,1100.042,55003,55001,0,499,0,11000,100
2026-08-29T12:08:57.641Z,1110.041,55503,55502,0,501,0,11100,100
2026-08-29T12:09:07.641Z,1120.041,56003,56002,0,500,0,11200,100
2026-08-29T12:09:17.641Z,1130.041,56503,56502,0,500,0,11300,100
2026-08-29T12:09:27.641Z,1140.041,57003,57002,0,500,0,11401,101
2026-08-29T12:09:37.641Z,1150.041,57503,57501,0,499,0,11501,100
2026-08-29T12:09:47.641Z,1160.041,58003,58002,0,501,0,11600,99
2026-08-29T12:09:57.641Z,1170.041,58503,58502,0,500,0,11700,100
2026-08-29T12:10:07.642Z,1180.042,59003,59002,0,500,0,11800,100
2026-08-29T12:10:17.642Z,1190.042,59503,59502,0,500,0,11900,100
2026-08-29T12:10:27.642Z,1200.042,60003,60002,0,500,0,12001,101
2026-08-29T12:10:37.642Z,1210.042,60503,60501,0,499,0,12101,100
2026-08-29T12:10:47.642Z,1220.042,61003,61002,0,501,0,12201,100
2026-08-29T12:10:57.642Z,1230.042,61503,61502,0,500,0,12301,100
2026-08-29T12:11:07.642Z,1240.042,62003,62002,0,500,0,12401,100
2026-08-29T12:11:17.643Z,1250.043,62503,62502,0,500,0,12501,100
2026-08-29T12:11:27.642Z,1260.042,63003,63002,0,500,0,12601,100
2026-08-29T12:11:37.642Z,1270.042,63503,63502,0,500,0,12701,100
2026-08-29T12:11:47.642Z,1280.042,64003,64002,0,500,0,12801,100
2026-08-29T12:11:57.642Z,1290.042,64503,64502,0,500,0,12900,99
2026-08-29T12:12:07.642Z,1300.042,65003,65002,0,500,0,13000,100
2026-08-29T12:12:17.642Z,1310.042,65503,65502,0,500,0,13100,100
2026-08-29T12:12:27.642Z,1320.042,66003,66002,0,500,0,13201,101
2026-08-29T12:12:37.642Z,1330.042,66503,66502,0,500,0,13301,100
2026-08-29T12:12:47.643Z,1340.043,67003,67002,0,500,0,13400,99
2026-08-29T12:12:57.644Z,1350.044,67503,67502,0,500,0,13501,101
2026-08-29T12:13:07.644Z,1360.044,68003,68002,0,500,0,13601,100
2026-08-29T12:13:17.644Z,1370.044,68503,68502,0,500,0,13701,100
2026-08-29T12:13:27.643Z,1380.043,69003,69002,0,500,0,13801,100
2026-08-29T12:13:37.645Z,1390.045,69503,69502,0,500,0,13901,100
2026-08-29T12:13:47.646Z,1400.046,70003,70002,0,500,0,14001,100
2026-08-29T12:13:57.645Z,1410.045,70503,70502,0,500,0,14101,100
2026-08-29T12:14:07.646Z,1420.045,71003,71002,0,500,0,14201,100
2026-08-29T12:14:17.646Z,1430.046,71503,71502,0,500,0,14301,100
2026-08-29T12:14:27.646Z,1440.046,72003,72002,0,500,0,14401,100
2026-08-29T12:14:37.646Z,1450.046,72503,72502,0,500,0,14501,100
2026-08-29T12:14:47.646Z,1460.046,73003,73002,0,500,0,14601,100
2026-08-29T12:14:57.646Z,1470.046,73503,73502,0,500,0,14701,100
2026-08-29T12:15:07.649Z,1480.049,74003,74002,0,500,0,14800,99
2026-08-29T12:15:17.649Z,1490.049,74503,74502,0,500,0,14901,101
2026-08-29T12:15:27.649Z,1500.049,75003,75002,0,500,0,15001,100
2026-08-29T12:15:37.649Z,1510.049,75503,75502,0,500,0,15101,100
2026-08-29T12:15:47.649Z,1520.049,76003,76002,0,500,0,15201,100
2026-08-29T12:15:57.649Z,1530.049,76503,76503,0,501,0,15301,100
2026-08-29T12:16:07.649Z,1540.049,77003,77002,0,499,0,15401,100
2026-08-29T12:16:17.650Z,1550.05,77503,77503,0,501,0,15501,100
2026-08-29T12:16:27.649Z,1560.049,78003,78003,0,500,0,15601,100
2026-08-29T12:16:37.649Z,1570.049,78503,78502,0,499,0,15701,100
2026-08-29T12:16:47.650Z,1580.05,79003,79002,0,500,0,15801,100
2026-08-29T12:16:57.650Z,1590.05,79503,79503,0,501,0,15901,100
2026-08-29T12:17:07.649Z,1600.049,80003,80002,0,499,0,16001,100
2026-08-29T12:17:17.649Z,1610.049,80503,80502,0,500,0,16101,100
2026-08-29T12:17:27.650Z,1620.05,81003,81002,0,500,0,16201,100
2026-08-29T12:17:37.649Z,1630.049,81503,81502,0,500,0,16301,100
2026-08-29T12:17:47.650Z,1640.05,82003,82003,0,501,0,16401,100
2026-08-29T12:17:57.650Z,1650.05,82503,82502,0,499,0,16501,100
2026-08-29T12:18:07.651Z,1660.051,83003,83002,0,500,0,16601,100
2026-08-29T12:18:17.651Z,1670.051,83503,83503,0,501,0,16701,100
2026-08-29T12:18:27.650Z,1680.05,84003,84003,0,500,0,16801,100
2026-08-29T12:18:37.650Z,1690.05,84503,84503,0,500,0,16901,100
2026-08-29T12:18:47.650Z,1700.05,85003,85003,0,500,0,17001,100
2026-08-29T12:18:57.650Z,1710.05,85503,85503,0,500,0,17101,100
2026-08-29T12:19:07.650Z,1720.05,86003,86003,0,500,0,17201,100
2026-08-29T12:19:17.651Z,1730.051,86503,86503,0,500,0,17301,100
2026-08-29T12:19:27.652Z,1740.052,87003,87003,0,500,0,17401,100
2026-08-29T12:19:37.652Z,1750.052,87503,87503,0,500,0,17501,100
2026-08-29T12:19:47.652Z,1760.052,88003,88003,0,500,0,17601,100
2026-08-29T12:19:57.651Z,1770.051,88503,88503,0,500,0,17701,100
2026-08-29T12:20:07.651Z,1780.051,89003,89003,0,500,0,17801,100
2026-08-29T12:20:17.651Z,1790.051,89503,89503,0,500,0,17901,100
2026-08-29T12:20:27.651Z,1800.051,90003,90003,0,500,0,18001,100
2026-08-29T12:20:37.651Z,1810.051,90503,90503,0,500,0,18101,100
2026-08-29T12:20:47.651Z,1820.051,91003,91003,0,500,0,18201,100
2026-08-29T12:20:57.651Z,1830.051,91503,91503,0,500,0,18301,100
2026-08-29T12:21:07.651Z,1840.051,92003,92003,0,500,0,18401,100
2026-08-29T12:21:17.651Z,1850.051,92503,92503,0,500,0,18501,100
2026-08-29T12:21:27.652Z,1860.052,93003,93003,0,500,0,18601,100
2026-08-29T12:21:37.651Z,1870.051,93503,93503,0,500,0,18701,100
2026-08-29T12:21:47.651Z,1880.051,94003,94003,0,500,0,18801,100
2026-08-29T12:21:57.651Z,1890.051,94503,94503,0,500,0,18901,100
2026-08-29T12:22:07.652Z,1900.052,95003,95003,0,500,0,19001,100
2026-08-29T12:22:17.653Z,1910.053,95503,95503,0,500,0,19101,100
2026-08-29T12:22:27.654Z,1920.054,96003,96003,0,500,0,19201,100
2026-08-29T12:22:37.653Z,1930.053,96503,96503,0,500,0,19301,100
2026-08-29T12:22:47.653Z,1940.053,97003,97003,0,500,0,19401,100
2026-08-29T12:22:57.653Z,1950.053,97503,97503,0,500,0,19501,100
2026-08-29T12:23:07.654Z,1960.054,98003,98003,0,500,0,19601,100
2026-08-29T12:23:17.653Z,1970.053,98503,98503,0,500,0,19701,100
2026-08-29T12:23:27.654Z,1980.054,99003,99003,0,500,0,19801,100
2026-08-29T12:23:37.654Z,1990.054,99503,99503,0,500,0,19901,100
2026-08-29T12:23:47.653Z,2000.053,100003,100003,0,500,0,20001,100
2026-08-29T12:23:57.653Z,2010.053,100503,100503,0,500,0,20101,100
2026-08-29T12:24:07.654Z,2020.054,100768,100756,0,253,0,20154,53
2026-08-29T12:24:17.655Z,2030.055,101085,101073,0,317,0,20217,63
2026-08-29T12:24:27.654Z,2040.054,101520,101508,0,435,0,20304,87
2026-08-29T12:24:37.655Z,2050.055,102503,102503,0,995,0,20501,197
2026-08-29T12:24:47.654Z,2060.054,103003,103003,0,500,0,20601,100
2026-08-29T12:24:57.655Z,2070.055,103503,103503,0,500,0,20701,100
2026-08-29T12:25:07.654Z,2080.054,104003,104002,0,499,0,20801,100
2026-08-29T12:25:17.654Z,2090.054,104503,104503,0,501,0,20901,100
2026-08-29T12:25:27.654Z,2100.054,105003,105002,0,499,0,21001,100
2026-08-29T12:25:37.654Z,2110.054,105503,105503,0,501,0,21101,100
2026-08-29T12:25:47.654Z,2120.054,106003,106003,0,500,0,21201,100
2026-08-29T12:25:57.654Z,2130.054,106503,106503,0,500,0,21301,100
2026-08-29T12:26:07.655Z,2140.055,107003,107002,0,499,0,21401,100
2026-08-29T12:26:17.654Z,2150.054,107503,107503,0,501,0,21501,100
2026-08-29T12:26:27.654Z,2160.054,108003,108003,0,500,0,21601,100
2026-08-29T12:26:37.654Z,2170.054,108503,108503,0,500,0,21701,100
2026-08-29T12:26:47.654Z,2180.054,109003,109003,0,500,0,21801,100
2026-08-29T12:26:57.654Z,2190.054,109503,109503,0,500,0,21901,100
2026-08-29T12:27:07.654Z,2200.054,110003,110003,0,500,0,22001,100
2026-08-29T12:27:17.657Z,2210.057,110503,110503,0,500,0,22101,100
2026-08-29T12:27:27.657Z,2220.057,111003,111003,0,500,0,22201,100
2026-08-29T12:27:37.658Z,2230.058,111503,111503,0,500,0,22301,100
2026-08-29T12:27:47.657Z,2240.057,112003,112003,0,500,0,22401,100
2026-08-29T12:27:57.657Z,2250.057,112503,112503,0,500,0,22501,100
2026-08-29T12:28:07.658Z,2260.058,113003,113003,0,500,0,22601,100
2026-08-29T12:28:17.658Z,2270.058,113503,113503,0,500,0,22701,100
2026-08-29T12:28:27.658Z,2280.058,114003,114003,0,500,0,22801,100
2026-08-29T12:28:37.658Z,2290.058,114503,114503,0,500,0,22901,100
2026-08-29T12:28:47.658Z,2300.058,115003,115003,0,500,0,23001,100
2026-08-29T12:28:57.659Z,2310.059,115503,115503,0,500,0,23101,100
2026-08-29T12:29:07.658Z,2320.058,116003,116003,0,500,0,23201,100
2026-08-29T12:29:17.658Z,2330.058,116503,116503,0,500,0,23301,100
2026-08-29T12:29:27.659Z,2340.059,117003,117003,0,500,0,23401,100
2026-08-29T12:29:37.658Z,2350.058,117503,117503,0,500,0,23501,100
2026-08-29T12:29:47.658Z,2360.058,118003,118003,0,500,0,23601,100
2026-08-29T12:29:57.659Z,2370.059,118503,118502,0,499,0,23700,99
2026-08-29T12:30:07.659Z,2380.059,119003,119003,0,501,0,23801,101
2026-08-29T12:30:17.660Z,2390.06,119503,119503,0,500,0,23901,100
2026-08-29T12:30:27.659Z,2400.059,120003,120003,0,500,0,24001,100
2026-08-29T12:30:37.660Z,2410.06,120503,120503,0,500,0,24101,100
2026-08-29T12:30:47.660Z,2420.06,121003,121003,0,500,0,24201,100
2026-08-29T12:30:57.660Z,2430.06,121503,121503,0,500,0,24301,100
2026-08-29T12:31:07.659Z,2440.059,122003,122003,0,500,0,24401,100
2026-08-29T12:31:17.660Z,2450.06,122503,122503,0,500,0,24501,100
2026-08-29T12:31:27.659Z,2460.059,123003,123003,0,500,0,24601,100
2026-08-29T12:31:37.660Z,2470.06,123503,123503,0,500,0,24701,100
2026-08-29T12:31:47.659Z,2480.059,124003,124003,0,500,0,24801,100
2026-08-29T12:31:57.659Z,2490.059,124503,124503,0,500,0,24901,100
2026-08-29T12:32:07.659Z,2500.059,125003,125003,0,500,0,25001,100
2026-08-29T12:32:17.660Z,2510.06,125503,125503,0,500,0,25101,100
2026-08-29T12:32:27.659Z,2520.059,126003,126003,0,500,0,25201,100
2026-08-29T12:32:37.665Z,2530.065,126503,126502,0,499,0,25301,100
2026-08-29T12:32:47.666Z,2540.066,127004,127003,0,501,0,25401,100
2026-08-29T12:32:57.666Z,2550.066,127504,127503,0,500,0,25501,100
2026-08-29T12:33:07.666Z,2560.066,128004,128003,0,500,0,25601,100
2026-08-29T12:33:17.666Z,2570.066,128504,128503,0,500,0,25701,100
2026-08-29T12:33:27.665Z,2580.065,129004,129003,0,500,0,25801,100
2026-08-29T12:33:37.666Z,2590.066,129504,129503,0,500,0,25901,100
2026-08-29T12:33:47.666Z,2600.066,130004,130003,0,500,0,26001,100
2026-08-29T12:33:57.665Z,2610.065,130504,130503,0,500,0,26101,100
2026-08-29T12:34:07.665Z,2620.065,131004,131003,0,500,0,26201,100
2026-08-29T12:34:17.666Z,2630.066,131504,131503,0,500,0,26301,100
2026-08-29T12:34:27.665Z,2640.065,132004,132003,0,500,0,26401,100
2026-08-29T12:34:37.665Z,2650.065,132504,132503,0,500,0,26501,100
2026-08-29T12:34:47.666Z,2660.066,133004,133003,0,500,0,26601,100
2026-08-29T12:34:57.665Z,2670.065,133504,133503,0,500,0,26701,100
2026-08-29T12:35:07.666Z,2680.066,134004,134003,0,500,0,26801,100
2026-08-29T12:35:17.665Z,2690.065,134504,134504,0,501,0,26901,100
2026-08-29T12:35:27.665Z,2700.065,135004,135003,0,499,0,27001,100
2026-08-29T12:35:37.666Z,2710.066,135504,135503,0,500,0,27101,100
2026-08-29T12:35:47.665Z,2720.065,136004,136003,0,500,0,27201,100
2026-08-29T12:35:57.665Z,2730.065,136504,136503,0,500,0,27301,100
2026-08-29T12:36:07.666Z,2740.066,137004,137003,0,500,0,27401,100
2026-08-29T12:36:17.665Z,2750.065,137504,137503,0,500,0,27501,100
2026-08-29T12:36:27.665Z,2760.065,138004,138003,0,500,0,27601,100
2026-08-29T12:36:37.665Z,2770.065,138504,138503,0,500,0,27701,100
2026-08-29T12:36:47.666Z,2780.066,139004,139003,0,500,0,27801,100
2026-08-29T12:36:57.666Z,2790.066,139504,139503,0,500,0,27901,100
2026-08-29T12:37:07.665Z,2800.065,140004,140003,0,500,0,28001,100
2026-08-29T12:37:17.665Z,2810.065,140504,140503,0,500,0,28101,100
2026-08-29T12:37:27.666Z,2820.066,141004,141003,0,500,0,28201,100
2026-08-29T12:37:37.666Z,2830.066,141504,141503,0,500,0,28301,100
2026-08-29T12:37:47.667Z,2840.067,142004,142003,0,500,0,28401,100
2026-08-29T12:37:57.666Z,2850.066,142504,142503,0,500,0,28501,100
2026-08-29T12:38:07.666Z,2860.066,143004,143004,0,501,0,28601,100
2026-08-29T12:38:17.666Z,2870.066,143504,143504,0,500,0,28701,100
2026-08-29T12:38:27.666Z,2880.066,144004,144004,0,500,0,28801,100
2026-08-29T12:38:37.666Z,2890.066,144504,144504,0,500,0,28901,100
2026-08-29T12:38:47.666Z,2900.066,145004,145004,0,500,0,29001,100
2026-08-29T12:38:57.667Z,2910.067,145504,145504,0,500,0,29101,100
2026-08-29T12:39:07.666Z,2920.066,146004,146004,0,500,0,29201,100
2026-08-29T12:39:17.666Z,2930.066,146504,146504,0,500,0,29301,100
2026-08-29T12:39:27.666Z,2940.066,147004,147004,0,500,0,29401,100
2026-08-29T12:39:37.666Z,2950.066,147504,147504,0,500,0,29501,100
2026-08-29T12:39:47.666Z,2960.066,148004,148004,0,500,0,29601,100
2026-08-29T12:39:57.667Z,2970.067,148504,148504,0,500,0,29701,100
2026-08-29T12:40:07.666Z,2980.066,149004,149004,0,500,0,29801,100
2026-08-29T12:40:17.667Z,2990.067,149504,149504,0,500,0,29901,100
2026-08-29T12:40:27.666Z,3000.066,150004,150004,0,500,0,30001,100
2026-08-29T12:40:37.666Z,3010.066,150504,150504,0,500,0,30101,100
2026-08-29T12:40:47.667Z,3020.067,151004,151004,0,500,0,30201,100
2026-08-29T12:40:57.666Z,3030.066,151504,151504,0,500,0,30301,100
2026-08-29T12:41:07.666Z,3040.066,152004,152004,0,500,0,30401,100
2026-08-29T12:41:17.666Z,3050.066,152504,152504,0,500,0,30501,100
2026-08-29T12:41:27.666Z,3060.066,153004,153004,0,500,0,30601,100
2026-08-29T12:41:37.666Z,3070.066,153504,153504,0,500,0,30701,100
2026-08-29T12:41:47.666Z,3080.066,154004,154004,0,500,0,30801,100
2026-08-29T12:41:57.667Z,3090.067,154504,154504,0,500,0,30901,100
2026-08-29T12:42:07.668Z,3100.068,155004,155004,0,500,0,31001,100
2026-08-29T12:42:17.669Z,3110.069,155504,155504,0,500,0,31101,100
2026-08-29T12:42:27.670Z,3120.07,156004,156004,0,500,0,31201,100
2026-08-29T12:42:37.669Z,3130.069,156504,156504,0,500,0,31301,100
2026-08-29T12:42:47.669Z,3140.069,157004,157004,0,500,0,31401,100
2026-08-29T12:42:57.669Z,3150.069,157504,157504,0,500,0,31501,100
2026-08-29T12:43:07.670Z,3160.07,158004,158004,0,500,0,31601,100
2026-08-29T12:43:17.670Z,3170.07,158504,158504,0,500,0,31701,100
2026-08-29T12:43:27.669Z,3180.069,159004,159004,0,500,0,31801,100
2026-08-29T12:43:37.670Z,3190.07,159504,159504,0,500,0,31901,100
2026-08-29T12:43:47.669Z,3200.069,160004,160004,0,500,0,32001,100
2026-08-29T12:43:57.669Z,3210.069,160431,160419,0,415,0,32086,85
2026-08-29T12:44:07.669Z,3220.069,160667,160655,0,236,0,32133,47
2026-08-29T12:44:17.671Z,3230.071,161078,161066,0,411,0,32215,82
2026-08-29T12:44:27.671Z,3240.071,162004,162004,0,938,0,32401,186
2026-08-29T12:44:37.671Z,3250.071,162504,162504,0,500,0,32501,100
2026-08-29T12:44:47.671Z,3260.071,163004,163004,0,500,0,32601,100
2026-08-29T12:44:57.672Z,3270.072,163504,163504,0,500,0,32701,100
2026-08-29T12:45:07.673Z,3280.073,164004,164004,0,500,0,32801,100
2026-08-29T12:45:17.672Z,3290.072,164504,164504,0,500,0,32901,100
2026-08-29T12:45:27.673Z,3300.073,165004,165004,0,500,0,33001,100
2026-08-29T12:45:37.672Z,3310.072,165504,165504,0,500,0,33101,100
2026-08-29T12:45:47.673Z,3320.073,166004,166004,0,500,0,33201,100
2026-08-29T12:45:57.672Z,3330.072,166504,166504,0,500,0,33301,100
2026-08-29T12:46:07.672Z,3340.072,167004,167004,0,500,0,33401,100
2026-08-29T12:46:17.672Z,3350.072,167504,167504,0,500,0,33501,100
2026-08-29T12:46:27.672Z,3360.072,168004,168004,0,500,0,33601,100
2026-08-29T12:46:37.672Z,3370.072,168504,168504,0,500,0,33701,100
2026-08-29T12:46:47.672Z,3380.072,169004,169004,0,500,0,33801,100
2026-08-29T12:46:57.672Z,3390.072,169504,169504,0,500,0,33901,100
2026-08-29T12:47:07.673Z,3400.073,170004,170004,0,500,0,34001,100
2026-08-29T12:47:17.672Z,3410.072,170504,170504,0,500,0,34101,100
2026-08-29T12:47:27.673Z,3420.073,171004,171004,0,500,0,34201,100
2026-08-29T12:47:37.672Z,3430.072,171504,171504,0,500,0,34301,100
2026-08-29T12:47:47.673Z,3440.073,172004,172004,0,500,0,34401,100
2026-08-29T12:47:57.674Z,3450.074,172504,172504,0,500,0,34501,100
2026-08-29T12:48:07.673Z,3460.073,173004,173004,0,500,0,34601,100
2026-08-29T12:48:17.673Z,3470.073,173504,173504,0,500,0,34701,100
2026-08-29T12:48:27.674Z,3480.074,174004,174004,0,500,0,34801,100
2026-08-29T12:48:37.673Z,3490.073,174504,174504,0,500,0,34901,100
2026-08-29T12:48:47.673Z,3500.073,175004,175004,0,500,0,35001,100
2026-08-29T12:48:57.674Z,3510.074,175504,175504,0,500,0,35101,100
2026-08-29T12:49:07.674Z,3520.074,176004,176004,0,500,0,35201,100
2026-08-29T12:49:17.675Z,3530.075,176504,176504,0,500,0,35301,100
2026-08-29T12:49:27.675Z,3540.075,177004,177004,0,500,0,35401,100
2026-08-29T12:49:37.675Z,3550.075,177504,177504,0,500,0,35501,100
2026-08-29T12:49:47.675Z,3560.075,178004,178004,0,500,0,35601,100
2026-08-29T12:49:57.675Z,3570.075,178504,178504,0,500,0,35701,100
2026-08-29T12:50:07.676Z,3580.076,179004,179003,0,499,0,35801,100
2026-08-29T12:50:17.675Z,3590.075,179504,179504,0,501,0,35901,100
2026-08-29T12:50:27.587Z,3599.987,180000,180000,0,496,0,36000,99
