total	211202
aiEvalRuns	75
aiGatewayGrants	17
aiGatewayJobs	2746
aiGatewayPairings	19
aiGatewayWorkers	98
aiPresentationConversations	197
algolia	10
backgroundImages	48
branding	151
brandingCore	3
cases	1186
categoriesCore	139
colors	86
editorStyle	6
events	182487
fontPairs	15
fonts	45
general	12
glossary	544
icons-library	1
icons-list	1354
invitedUsers	1
licenses	1
materializedSlides	922
messages	494
payloadChunks	7578
premade-templates	103
presentations	10
prices	21
private	1
products	6
read	1
slides	1839
slidesCore	10918
tags	62
templates	3
themes	2
users	1
