timestamp,elapsed_seconds,write_count,write_p50_ms,write_p95_ms,write_p99_ms,write_max_ms,listener_count,listener_p50_ms,listener_p95_ms,listener_p99_ms,listener_max_ms
2026-08-28T11:00:51.459Z,10.002,500,1.817138000000341,5.593014000000039,6.316912999998749,10.849017999998978,50,8.989010000001144,10.163489000000482,10.251769000002241,10.251769000002241
2026-08-28T11:01:01.459Z,20.003,501,1.6600880000005418,5.129344000000856,5.94375299999956,9.154958999999508,50,8.664220999999088,9.974169000000984,10.112737999999808,10.112737999999808
2026-08-28T11:01:11.458Z,30.003,500,1.6580590000012307,5.122874000000593,5.7415730000029725,14.015473999999813,50,8.868750000001455,10.044519000002765,10.406648000000132,10.406648000000132
2026-08-28T11:01:21.458Z,40.004,500,1.6774379999988014,5.071063999996113,5.578414000003249,8.736739999993006,50,8.79547000000457,9.976528999999573,10.160678000000189,10.160678000000189
2026-08-28T11:01:31.460Z,50.004,500,1.629558000000543,5.000083999999333,5.3880539999954635,12.177136000005703,50,8.803979999996955,9.96651899999415,10.379758999995829,10.379758999995829
2026-08-28T11:01:41.459Z,60.004,500,1.638728000005358,4.883605000009993,5.239845000003697,8.814650000000256,50,8.867361000004166,10.09190800000215,10.221168999996735,10.221168999996735
2026-08-28T11:01:51.459Z,70.004,500,1.674937999996473,4.992005000007339,5.400393999996595,9.001909999991767,50,8.829190000004019,9.974239000002854,10.164029000006849,10.164029000006849
2026-08-28T11:02:01.460Z,80.004,500,1.6350379999930738,4.831474999999045,5.055625000008149,6.554613000000245,50,8.836991000003763,9.915889000010793,9.964109000007738,9.964109000007738
2026-08-28T11:02:11.459Z,90.004,500,1.61855800000194,4.797774999999092,5.294434000010369,9.7068200000067,50,8.871809999996913,10.003809000001638,10.212218000000576,10.212218000000576
2026-08-28T11:02:21.460Z,100.004,500,1.6321980000066105,4.824443999998039,5.309995000003255,11.453666999994311,50,8.831130999999004,9.993019000001368,10.117098000002443,10.117098000002443
2026-08-28T11:02:31.459Z,110.005,500,1.6638680000032764,4.919324000002234,5.522882999997819,7.116282000002684,50,8.720541000002413,9.990368999991915,10.412887999991653,10.412887999991653
2026-08-28T11:02:41.463Z,120.007,500,1.5854879999969853,4.808644999997341,5.631643999993685,8.654500000004191,50,8.758569999990868,10.033749000009266,18.868319000001065,18.868319000001065
2026-08-28T11:02:51.463Z,130.007,500,1.6170580000034533,4.831734999985201,5.200043999997433,10.286168999999063,50,8.752740999974776,10.162798000004841,10.54295900001307,10.54295900001307
2026-08-28T11:03:01.463Z,140.007,500,1.5760780000127852,4.795595000003232,5.285703999979887,14.094524999993155,50,8.669379999977536,9.885439000005135,10.0389290000021,10.0389290000021
2026-08-28T11:03:11.463Z,150.007,500,1.575618000002578,4.814024000021163,5.376493999996455,8.86284099999466,50,8.789099999994505,9.930439000017941,10.289087999990443,10.289087999990443
2026-08-28T11:03:21.462Z,160.007,500,1.5733780000009574,4.809613999997964,5.229763999988791,5.787142999994103,50,8.418801000021631,9.856628999987151,10.325577999989036,10.325577999989036
2026-08-28T11:03:31.462Z,170.007,500,1.5928790000034496,4.8061950000119396,5.1705650000076275,9.795678999973461,50,8.324861000000965,10.05586900000344,10.270038000016939,10.270038000016939
2026-08-28T11:03:41.461Z,180.007,500,1.591829000011785,4.774654999986524,5.091044000000693,8.940670000010869,50,8.826719999982743,10.061818999995012,10.150358999992022,10.150358999992022
2026-08-28T11:03:51.462Z,190.007,500,1.5763279999955557,4.759484000009252,4.970754999987548,8.978380000015022,50,8.802400999993552,9.88003899998148,9.908288999984507,9.908288999984507
2026-08-28T11:04:01.463Z,200.008,500,1.5908279999857768,4.787925000011455,5.04024400000344,11.065677999984473,50,8.22117099998286,10.031749000016134,10.192618000000948,10.192618000000948
2026-08-28T11:04:11.464Z,210.009,500,1.570558000006713,4.71758499997668,5.058285000006435,6.38280299998587,50,8.81384000001708,9.910829000000376,10.022548999986611,10.022548999986611
2026-08-28T11:04:21.466Z,220.011,500,1.5361789999878965,4.659014999982901,5.294824000011431,9.135940000007395,50,8.706280000013066,9.834509000007529,10.023508999991463,10.023508999991463
2026-08-28T11:04:31.467Z,230.013,500,1.5478680000232998,4.768424999987474,5.126743999979226,8.51457000002847,50,8.72041999999783,9.978498999989824,10.344928999984404,10.344928999984404
2026-08-28T11:04:41.467Z,240.014,500,1.6146580000058748,4.800604999996722,5.135324999981094,8.81596000000718,50,8.190551000006963,9.967539000004763,10.065678999992087,10.065678999992087
2026-08-28T11:04:51.470Z,250.015,500,1.6109489999944344,4.812284999992698,5.1615250000031665,10.290279000008013,50,8.80435099999886,10.106329000002006,10.328089000016917,10.328089000016917
2026-08-28T11:05:01.470Z,260.017,500,1.5977480000001378,4.8511149999685585,5.450764000008348,10.267698999959975,50,8.389200999983586,10.001948999997694,10.088049000012688,10.088049000012688
2026-08-28T11:05:11.469Z,270.016,500,1.620718999998644,4.7824949999921955,5.137744000006933,5.631873000005726,50,8.098981000017375,9.846858999982942,10.076029000047129,10.076029000047129
2026-08-28T11:05:21.471Z,280.017,500,1.5787880000425503,4.749674999970011,5.291923999961,9.648908999981359,50,8.32034100004239,9.932489000028,10.14974899997469,10.14974899997469
2026-08-28T11:05:31.469Z,290.016,500,1.6226979999919422,4.863824000000022,5.047523999994155,9.654039000044577,50,8.275400999991689,9.807969000015873,10.248609000002034,10.248609000002034
2026-08-28T11:05:41.469Z,300.016,500,1.5662090000114404,4.681255000003148,5.221793999953661,12.296756000025198,50,8.790670999966096,10.11859899997944,10.17550900002243,10.17550900002243
2026-08-28T11:05:51.469Z,310.016,500,1.489337999955751,4.594525000022259,4.974723999970593,6.627312999975402,50,8.627650000038557,9.777490000007674,9.807159999967553,9.807159999967553
2026-08-28T11:06:01.470Z,320.017,500,1.5767879999475554,4.6993449999717996,5.518204000021797,8.532670000044163,50,8.391990999982227,9.957478999975137,10.243748999957461,10.243748999957461
2026-08-28T11:06:11.471Z,330.018,500,1.5527490000240505,4.726995000033639,5.190074999991339,10.738017999974545,50,8.505440999986604,10.023469000007026,10.053789000026882,10.053789000026882
2026-08-28T11:06:21.471Z,340.018,500,1.5886090000276454,4.74927500000922,4.925833999994211,9.965109000040684,50,8.227039999968838,10.061958999955095,10.155268999980763,10.155268999980763
2026-08-28T11:06:31.471Z,350.018,500,1.5393279999843799,4.683204000000842,5.071654000028502,9.426800000015646,50,8.449940000020433,9.975918999989517,10.084568999998737,10.084568999998737
2026-08-28T11:06:41.474Z,360.019,500,1.6174780000001192,4.7998549999902025,5.231803999980912,12.378137000021525,50,8.219230999995489,9.8040799999726,10.011349000036716,10.011349000036716
2026-08-28T11:06:51.473Z,370.019,500,1.5587689999956638,4.7476150000002235,4.94365500001004,6.881961999984924,50,8.774090999970213,10.142029000038747,10.880808000045363,10.880808000045363
2026-08-28T11:07:01.474Z,380.021,500,1.5671280000242405,4.741684999957215,83.91095900000073,185.545867000008,50,8.168360999959987,10.427269000036176,28.679678999993484,28.679678999993484
2026-08-28T11:07:11.475Z,390.02,500,1.5620580000104383,4.7330349999829195,5.20656500000041,9.431939999980386,50,8.832870999991428,11.160807999956887,11.875296999991406,11.875296999991406
2026-08-28T11:07:21.476Z,400.022,500,1.5587780000059865,4.700364999996964,4.919965000008233,11.037927999976091,50,8.807801000017207,9.936318999971263,10.195009000017308,10.195009000017308
2026-08-28T11:07:31.477Z,410.022,500,1.5469380000140518,4.7283949999837205,5.245453999959864,9.903688999998849,50,8.402120999991894,10.38145899999654,11.104037999990396,11.104037999990396
2026-08-28T11:07:41.475Z,420.022,500,1.5580479999771342,4.674575000011828,5.138875000004191,9.407089999993332,50,8.756691000016872,10.551479000016116,10.909578000020701,10.909578000020701
2026-08-28T11:07:51.475Z,430.022,501,1.5651879999786615,4.738835000025574,5.260874999978114,9.890979000017978,50,8.744600000034552,10.896837999986019,12.069557000009809,12.069557000009809
2026-08-28T11:08:01.475Z,440.022,499,1.5481979999458417,4.689584999985527,5.2839939999976195,9.181779999984428,50,8.766990999982227,11.053087999986019,11.893626000033692,11.893626000033692
2026-08-28T11:08:11.475Z,450.022,501,1.5114980000071228,4.661644999985583,5.198295000009239,6.480902999988757,50,8.735219999973197,10.12626900000032,11.980767000000924,11.980767000000924
2026-08-28T11:08:21.476Z,460.022,500,1.535189000016544,4.685664999997243,4.856093999987934,9.678909000009298,50,8.787739999999758,10.784278000006452,11.90677699999651,11.90677699999651
2026-08-28T11:08:31.477Z,470.022,500,1.5198789999703877,4.678515000035986,5.032154000014998,11.722428000008222,50,8.795401000010315,10.13539899996249,11.97562600002857,11.97562600002857
2026-08-28T11:08:41.476Z,480.023,500,1.5287879999959841,4.681365000025835,5.244504000002053,7.247001999989152,50,8.833110999956261,10.12103899999056,10.776338000025135,10.776338000025135
2026-08-28T11:08:51.475Z,490.022,499,1.482458000013139,4.582524999976158,5.081805000023451,8.793031000008341,50,8.73200000001816,10.746648000029381,11.259797999984585,11.259797999984585
2026-08-28T11:09:01.476Z,500.022,500,1.5239990000263788,4.651985000004061,5.021125000028405,9.515179999987595,50,8.79535000002943,10.993098000006285,12.00627600000007,12.00627600000007
2026-08-28T11:09:11.475Z,510.022,501,1.5083689999883063,4.646004999987781,5.305054000054952,13.9447049999726,50,8.743671000003815,11.731847000017297,13.857674999977462,13.857674999977462
2026-08-28T11:09:21.475Z,520.022,500,1.5282490000245161,4.672915000002831,4.897283999947831,11.296558000030927,50,8.729599999962375,11.121338000055403,11.898546999960672,11.898546999960672
2026-08-28T11:09:31.475Z,530.022,500,1.5197579999221489,4.67261500004679,5.3004940000828356,9.887729000067338,50,8.63455099996645,9.89576899993699,11.196637999964878,11.196637999964878
2026-08-28T11:09:41.476Z,540.023,500,1.5502080000005662,4.70511500001885,5.197063999949023,10.100589000037871,50,8.83560099999886,11.005537999910302,11.954877000069246,11.954877000069246
2026-08-28T11:09:51.476Z,550.022,500,1.554268000065349,4.6708850000286475,5.343905000016093,7.2846320000244305,50,8.683191000018269,10.903087999904528,10.995828000013717,10.995828000013717
2026-08-28T11:10:01.475Z,560.022,500,1.6064790000673383,4.804414999904111,5.191315000061877,12.098446999909356,50,8.271911000018008,10.923637999920174,11.975296999909915,11.975296999909915
2026-08-28T11:10:11.477Z,570.022,500,1.526359000010416,4.680865000002086,5.230623999959789,9.005660000024363,50,8.762340000015683,10.264789000037126,10.97489799989853,10.97489799989853
2026-08-28T11:10:21.476Z,580.023,500,1.568068000022322,4.770995000028051,5.341133999987505,6.318162999930792,50,8.275890999939293,10.916627999977209,11.133107999921776,11.133107999921776
2026-08-28T11:10:31.476Z,590.023,500,1.5628390000201762,4.729995000059716,5.182833999977447,6.437143000075594,50,8.813339999993332,11.119238000013866,11.848617000039667,11.848617000039667
2026-08-28T11:10:41.477Z,600.023,500,1.544309000018984,4.682425000006333,5.040775000001304,11.250647000037134,50,8.820211000042036,10.509537999983877,11.11038800003007,11.11038800003007
2026-08-28T11:10:51.478Z,610.023,500,1.529878000030294,4.647185000008903,4.94262499990873,8.523151000030339,50,8.828509999904782,10.996668000007048,11.7838070000289,11.7838070000289
2026-08-28T11:11:01.477Z,620.023,500,1.5544789999257773,4.649044999969192,5.317444000043906,9.971068999962881,50,8.637600000016391,10.803077999968082,11.979997000074945,11.979997000074945
2026-08-28T11:11:11.476Z,630.023,499,1.5364990000380203,4.633365000016056,5.276263999985531,10.184389000060037,50,8.194601000053808,11.045808000024408,11.844586999970488,11.844586999970488
2026-08-28T11:11:21.478Z,640.024,501,1.5558080000337213,4.7227440000278875,5.640393999987282,13.076156000024639,50,8.217880999902263,11.86166699999012,12.98599600000307,12.98599600000307
2026-08-28T11:11:31.477Z,650.023,500,1.5354389999993145,4.66175500000827,5.145873999921605,10.028798999963328,50,8.76838099991437,10.136878999997862,11.271527000004426,11.271527000004426
2026-08-28T11:11:41.478Z,660.023,500,1.546857999986969,4.669214999885298,4.943515000049956,6.39392299996689,50,8.799720000009984,10.923937999992631,12.096376999979839,12.096376999979839
2026-08-28T11:11:51.478Z,670.023,500,1.553548000054434,4.6305549999233335,4.9490650000516325,9.415520000038669,50,8.736830999958329,10.239259000052698,11.995096999919042,11.995096999919042
2026-08-28T11:12:01.478Z,680.024,500,1.5125690000131726,4.561554999905638,5.2032340000150725,7.561191999935545,50,8.77633100003004,10.875497999950312,11.010487999999896,11.010487999999896
2026-08-28T11:12:11.477Z,690.023,499,1.511337999952957,4.557734999922104,5.444864000077359,11.57555800001137,50,8.827919999952428,11.18445800000336,12.013867000001483,12.013867000001483
2026-08-28T11:12:21.477Z,700.023,501,1.4983590000774711,4.569394999998622,5.030313999974169,11.811937000020407,50,8.693749999976717,11.308638000045903,12.108037000056356,12.108037000056356
2026-08-28T11:12:31.476Z,710.023,500,1.5365780000574887,4.58535499998834,5.2269150000065565,8.694641000009142,50,8.766700999927707,10.130217999918386,11.72474700002931,11.72474700002931
2026-08-28T11:12:41.477Z,720.023,500,1.5263480000430718,4.6066150000551715,4.882025000057183,8.722240000031888,50,8.822181000025012,10.322029000031762,10.956108000013046,10.956108000013046
2026-08-28T11:12:51.476Z,730.023,500,1.5655089999781922,4.732613999978639,4.931595000089146,8.904869999969378,50,8.434650999959558,10.874238000018522,12.229857000056654,12.229857000056654
2026-08-28T11:13:01.476Z,740.023,499,1.5678579999366775,4.659685000078753,5.336263999924995,9.480239999946207,50,8.800619999994524,10.354778000037186,11.192048000055365,11.192048000055365
2026-08-28T11:13:11.478Z,750.023,501,1.539117999956943,4.580365000059828,4.79671500006225,6.467743000015616,50,8.740029999986291,11.124397999956273,11.887447000015527,11.887447000015527
2026-08-28T11:13:21.478Z,760.023,500,1.5585780000546947,4.661025000037625,4.986325000063516,9.687389999977313,50,8.782610000111163,10.3869480000576,12.356846999959089,12.356846999959089
2026-08-28T11:13:31.478Z,770.023,500,1.5354880000231788,4.617035000002943,4.967563999933191,8.68172999995295,50,8.792290000012144,10.123719000024721,10.922097999951802,10.922097999951802
2026-08-28T11:13:41.477Z,780.023,499,1.5727379999589175,4.69300500000827,5.279663999914192,8.584671000018716,50,8.822671000030823,10.365699000074528,10.9146180000389,10.9146180000389
2026-08-28T11:13:51.479Z,790.024,501,1.5692079999716952,4.701255000079982,5.236403999966569,8.84827099996619,50,8.799259999999776,10.970298000029288,11.873017000034451,11.873017000034451
2026-08-28T11:14:01.477Z,800.024,499,1.5645479999948293,4.672705000033602,5.3373739999951795,10.123609000002034,50,8.749089999939315,10.353019000031054,11.152497999952175,11.152497999952175
2026-08-28T11:14:11.477Z,810.024,501,1.5516480000223964,4.670155000058003,4.946593999979086,8.805599999963306,50,8.136501000029966,10.046568999998271,11.94549700000789,11.94549700000789
2026-08-28T11:14:21.477Z,820.024,500,1.5439879999030381,4.622414999990724,5.007234000018798,11.382496999925934,50,8.763939999975264,10.296999000012875,11.138318000012077,11.138318000012077
2026-08-28T11:14:31.478Z,830.024,500,1.5586480000056326,4.665934999939054,5.075925000011921,6.360272999969311,50,8.828341000014916,11.37431799992919,12.09867699991446,12.09867699991446
2026-08-28T11:14:41.477Z,840.024,500,1.5625989999389276,4.722075000056066,5.228094000020064,11.664626999991015,50,8.789620000054128,10.286069000023417,11.823967000003904,11.823967000003904
2026-08-28T11:14:51.479Z,850.024,500,1.521707999985665,4.560414999956265,4.769124999991618,5.9855040000984445,50,8.773950000060722,11.58584700000938,11.828516999958083,11.828516999958083
2026-08-28T11:15:01.477Z,860.024,500,1.5475279999664053,4.64567499991972,5.110413999995217,6.391823000041768,50,8.776001000078395,10.409889000002295,11.916797000099905,11.916797000099905
2026-08-28T11:15:11.478Z,870.025,500,1.541018999996595,4.63863499998115,4.870464999927208,11.078328000032343,50,8.715609999955632,10.03416899999138,10.177757999976166,10.177757999976166
2026-08-28T11:15:21.479Z,880.025,500,1.5200980000663549,4.564994999906048,4.8495350000448525,11.444007999962196,50,8.79135099996347,11.03527699992992,11.888566999929026,11.888566999929026
2026-08-28T11:15:31.480Z,890.025,500,1.533928000018932,4.62851499998942,5.0409140000119805,6.446272999979556,50,8.833959999959916,10.87215800001286,11.158567999955267,11.158567999955267
2026-08-28T11:15:41.478Z,900.025,499,1.5639979999978095,4.667394999996759,4.965523999999277,8.671719999983907,50,8.818029999965802,11.09973799996078,11.910415999940597,11.910415999940597
2026-08-28T11:15:51.479Z,910.026,501,1.557727999985218,4.584754999959841,5.06312499998603,8.694409999996424,50,8.327791000017896,11.050847999984398,12.06830699997954,12.06830699997954
2026-08-28T11:16:01.481Z,920.026,500,1.5197679999982938,4.563185000093654,5.146745000034571,8.863710000063293,50,8.781029999954626,11.656626999960281,18.213950000004843,18.213950000004843
2026-08-28T11:16:11.481Z,930.026,500,1.5472979999613017,4.6222849999321625,5.083815000019968,8.868130000075325,50,8.800871000043117,10.278598999953829,11.925067000091076,11.925067000091076
2026-08-28T11:16:21.479Z,940.026,500,1.5432079999009147,4.644215000094846,5.059103999985382,7.598791999975219,50,8.802810999914072,10.917558000073768,11.213427999988198,11.213427999988198
2026-08-28T11:16:31.479Z,950.026,500,1.5424280000152066,4.622654999955557,4.944795000017621,6.1901729999808595,50,8.875570000032894,10.226649000076577,11.400237999972887,11.400237999972887
2026-08-28T11:16:41.481Z,960.026,500,1.5511290000285953,4.6509749999968335,4.989463999983855,10.196718999999575,50,8.645669999998063,11.079858000040986,11.888947000028566,11.888947000028566
2026-08-28T11:16:51.481Z,970.026,500,1.5266580000752583,4.582975000026636,5.102323999977671,6.312733000027947,50,8.81032999989111,10.975948000093922,11.593587000039406,11.593587000039406
2026-08-28T11:17:01.479Z,980.026,500,1.531658000079915,4.607404999900609,5.088223999948241,12.178615999990143,50,8.856599999940954,10.509747999953106,10.882717999978922,10.882717999978922
2026-08-28T11:17:11.479Z,990.026,500,1.529958000057377,4.608714999980293,5.001784999971278,10.704087999998592,50,8.748099999967963,10.896438000025228,11.100618000025861,11.100618000025861
2026-08-28T11:17:21.480Z,1000.027,500,1.5188680000137538,4.59745500003919,4.896744999918155,9.598079000017606,50,8.823010999942198,10.874027999932878,11.036388000007719,11.036388000007719
2026-08-28T11:17:31.480Z,1010.027,500,1.5686190000269562,4.721185000031255,5.1580440000398085,9.893358999979682,50,8.78685100004077,10.207518999930471,10.894058999954723,10.894058999954723
2026-08-28T11:17:41.481Z,1020.028,500,1.547848999965936,4.63320499996189,4.941255000070669,12.503965999931097,50,8.826329999952577,10.248908999958076,12.033256999915466,12.033256999915466
2026-08-28T11:17:51.483Z,1030.028,500,1.5464289999799803,4.63088500010781,4.903283999999985,7.624861999996938,50,8.635959999985062,10.625898999976926,11.938106000074185,11.938106000074185
2026-08-28T11:18:01.483Z,1040.028,500,1.5264179999940097,4.5937449999619275,4.803234999999404,9.928879000013694,51,8.860861000139266,10.314259000006132,13.651614999980666,13.651614999980666
2026-08-28T11:18:11.481Z,1050.028,500,1.5723980001639575,4.697795000160113,4.956544999964535,10.333318000193685,49,8.777491000015289,11.227168000070378,17.722181000048295,17.722181000048295
2026-08-28T11:18:21.483Z,1060.028,500,1.5398779998067766,4.657364999875426,5.1115840000566095,5.801144000142813,50,8.820350999943912,10.242938000010327,13.24681599996984,13.24681599996984
2026-08-28T11:18:31.482Z,1070.028,500,1.5385780001524836,4.607494999887422,5.004285000031814,11.64761699992232,50,8.796289999969304,10.88333799992688,13.446594999870285,13.446594999870285
2026-08-28T11:18:41.483Z,1080.028,500,1.5472780000418425,4.6811450000386685,5.113264000043273,8.961649999953806,50,8.31408099993132,11.170187999960035,12.079566000029445,12.079566000029445
2026-08-28T11:18:51.481Z,1090.028,500,1.52334800013341,4.57092500012368,4.856733999913558,11.469948000041768,50,8.819690000033006,10.922898000106215,13.354675999842584,13.354675999842584
2026-08-28T11:19:01.482Z,1100.028,500,1.5408580000512302,4.606675000162795,4.903973999898881,6.583242999855429,50,8.786270000040531,11.941756999818608,14.376984999980778,14.376984999980778
2026-08-28T11:19:11.481Z,1110.028,500,1.5535179998259991,4.569684999994934,5.232704000081867,10.014709000010043,50,8.780460000038147,11.026047999970615,13.13716599997133,13.13716599997133
2026-08-28T11:19:21.483Z,1120.029,500,1.531749000074342,4.6032849999610335,5.2853540000505745,12.73294600006193,50,8.734781000064686,9.956728999968618,12.431475999997929,12.431475999997929
2026-08-28T11:19:31.484Z,1130.029,500,1.5237079998478293,4.541444999864325,5.171694000018761,7.345581999979913,50,8.74436099990271,11.778047000057995,14.1745449998416,14.1745449998416
2026-08-28T11:19:41.484Z,1140.029,500,1.532437999965623,4.611684999894351,5.007715000072494,9.698709999909624,51,8.743890000041574,11.120328000048175,14.792703999904916,14.792703999904916
2026-08-28T11:19:51.482Z,1150.029,500,1.520117999985814,4.584514999995008,4.952084999997169,12.09831600007601,50,8.801790000172332,11.628956999862567,12.319776999996975,12.319776999996975
2026-08-28T11:20:01.484Z,1160.03,500,1.5383389999624342,4.631144999992102,5.198074999963865,12.663927000015974,50,8.773841000162065,10.808378000045195,11.083597999997437,11.083597999997437
2026-08-28T11:20:11.484Z,1170.031,500,1.5483079999685287,4.604204999981448,4.928324999986216,13.233276000013575,50,8.781060999957845,10.926748999860138,11.91750800004229,11.91750800004229
2026-08-28T11:20:21.485Z,1180.032,500,1.5666590000037104,4.685355999972671,4.973284000065178,9.133811000036076,50,8.735821000067517,10.964199000038207,11.966237999964505,11.966237999964505
2026-08-28T11:20:31.484Z,1190.031,500,1.5593890000600368,4.640124999918044,5.072185000171885,8.483981000026688,50,8.942990999901667,10.87301900004968,11.98613699991256,11.98613699991256
2026-08-28T11:20:41.486Z,1200.032,500,1.534979000221938,4.557634999975562,4.873395000118762,11.361609000014141,50,8.783110999967903,10.82625799998641,11.90717800008133,11.90717800008133
2026-08-28T11:20:51.485Z,1210.032,500,1.5583590001333505,4.613736000144854,5.04365500016138,8.705631999997422,50,8.77332100016065,10.282248999923468,11.027168999891728,11.027168999891728
2026-08-28T11:21:01.486Z,1220.032,500,1.5369789998512715,4.561976000200957,4.9606350001413375,11.161717999959365,50,8.777270999969915,10.807018999941647,10.991338999941945,10.991338999941945
2026-08-28T11:21:11.486Z,1230.031,500,1.5360890000592917,4.579325000056997,5.266754999989644,8.937570999842137,50,8.889801000012085,10.942298999987543,11.61328799999319,11.61328799999319
2026-08-28T11:21:21.485Z,1240.032,500,1.5466480001341552,4.642695999937132,5.178643999854103,11.069578000111505,50,8.949430000036955,10.783729000017047,11.74895800021477,11.74895800021477
2026-08-28T11:21:31.485Z,1250.032,500,1.668957999907434,4.745764999883249,5.200874999864027,11.71747799986042,49,8.970281000016257,10.623119000112638,12.095396999968216,12.095396999968216
2026-08-28T11:21:41.486Z,1260.033,500,1.5484279999509454,4.6081050001084805,4.993634999962524,6.530133999884129,51,8.955521000083536,11.661657999968156,17.424381999997422,17.424381999997422
2026-08-28T11:21:51.487Z,1270.034,500,1.5391989999916404,4.569345999974757,5.020985000068322,8.95684999995865,50,8.779011000180617,10.885979000013322,11.142528000054881,11.142528000054881
2026-08-28T11:22:01.486Z,1280.033,500,1.5383589998818934,4.556135999970138,4.819674999918789,9.304521000012755,50,8.828650999814272,11.76917800004594,12.076976999873295,12.076976999873295
2026-08-28T11:22:11.486Z,1290.033,500,1.5382479999680072,4.503654999891296,5.127875000005588,9.599390000104904,50,8.767930999863893,10.961407999973744,12.100647000130266,12.100647000130266
2026-08-28T11:22:21.486Z,1300.033,500,1.5149480002000928,4.488565000006929,4.964654000010341,7.891131999902427,50,8.814601000165567,11.195218999870121,12.6035569999367,12.6035569999367
2026-08-28T11:22:31.488Z,1310.033,500,1.5208389998879284,4.509494999889284,5.045503999805078,11.288028000155464,50,8.848921000026166,11.005498999962583,11.599067999981344,11.599067999981344
2026-08-28T11:22:41.488Z,1320.033,500,1.518798999954015,4.562594999792054,5.073384999996051,8.153770999982953,50,8.821431000018492,10.134300000034273,11.677377999993041,11.677377999993041
2026-08-28T11:22:51.488Z,1330.034,500,1.5631579998880625,4.6568650000263005,4.965604999801144,11.238807999994606,50,8.918061000062153,10.866148999892175,11.565767999971285,11.565767999971285
2026-08-28T11:23:01.488Z,1340.033,500,1.5255279999691993,4.573695000028238,4.981074000010267,10.942489000037313,50,8.849171000067145,10.062369999941438,10.777339000022039,10.777339000022039
2026-08-28T11:23:11.487Z,1350.033,500,1.5012280000373721,4.502525999909267,4.785364999901503,8.78323099995032,50,8.719790999777615,9.810808999929577,10.800328999990597,10.800328999990597
2026-08-28T11:23:21.488Z,1360.034,500,1.512927999952808,4.5017649999354035,4.697995000053197,5.889933999860659,50,8.759990999940783,9.893559999996796,10.068869999842718,10.068869999842718
2026-08-28T11:23:31.489Z,1370.034,500,1.5193680000957102,4.576344999950379,5.527243999997154,8.567271000007167,50,8.774231000104919,9.858338999794796,10.48520900006406,10.48520900006406
2026-08-28T11:23:41.489Z,1380.035,500,1.5328979999758303,4.566066000144929,4.809934999793768,8.652530999854207,50,8.738660999806598,10.428649000125006,10.712739000096917,10.712739000096917
2026-08-28T11:23:51.490Z,1390.035,500,1.502078999998048,4.459316000109538,4.893564000027254,8.185801999876276,50,8.773290999932215,10.008559999987483,10.926698999945074,10.926698999945074
2026-08-28T11:24:01.488Z,1400.035,500,1.5223990001250058,4.563214999856427,5.170384000055492,11.37047900003381,50,8.741871000034735,10.83439900004305,11.151399000082165,11.151399000082165
2026-08-28T11:24:11.489Z,1410.035,500,1.5124989999458194,4.530895000090823,4.999484000029042,11.626298000104725,50,8.75791099993512,10.030279000056908,10.676078000105917,10.676078000105917
2026-08-28T11:24:21.489Z,1420.036,500,1.62522800010629,4.7092459998093545,5.3492240000050515,9.03254000004381,50,8.764570999890566,10.79269800009206,12.173306999960914,12.173306999960914
2026-08-28T11:24:31.491Z,1430.036,500,1.5573190001305193,4.568964999867603,4.906265000114217,12.842026999918744,50,8.799250000156462,10.26916899997741,11.533507999964058,11.533507999964058
2026-08-28T11:24:41.488Z,1440.035,500,1.5480880001559854,4.509404999902472,4.978184999898076,11.314918000018224,50,8.717270999914035,10.656709000002593,10.852858999976888,10.852858999976888
2026-08-28T11:24:51.489Z,1450.035,500,1.5370879999827594,4.561714999843389,5.060945000033826,8.785800999961793,50,8.806701000081375,10.81541799986735,13.55245600012131,13.55245600012131
2026-08-28T11:25:01.488Z,1460.035,500,1.5519990001339465,4.604134999914095,5.103094999911264,7.915962000144646,50,8.839670999906957,10.921898999949917,13.025046000024304,13.025046000024304
2026-08-28T11:25:11.490Z,1470.035,500,1.530267999973148,4.564305000007153,4.973484999965876,6.171094000106677,50,8.929610999999568,11.021958000026643,12.458776999963447,12.458776999963447
2026-08-28T11:25:21.489Z,1480.036,500,1.5515779999550432,4.603074999991804,5.129474999848753,9.393190999981016,50,8.88274099980481,10.876379000023007,12.828215999994427,12.828215999994427
2026-08-28T11:25:31.491Z,1490.036,500,1.5403690000530332,4.583385000005364,4.950105000054464,9.385320999892429,50,8.82964099990204,10.968479000031948,19.309320000000298,19.309320000000298
2026-08-28T11:25:41.490Z,1500.036,500,1.5430079998914152,4.5870860000140965,4.800774999894202,6.530604000203311,50,8.962761000031605,10.86744900001213,11.953848000150174,11.953848000150174
2026-08-28T11:25:51.490Z,1510.036,500,1.530278000049293,4.57286600000225,5.248655000003055,8.5509510000702,50,8.921040000161156,10.810029000043869,12.062646999955177,12.062646999955177
2026-08-28T11:26:01.491Z,1520.037,500,1.5946079997811466,4.667334999889135,5.0915449999738485,12.551336999982595,50,8.96330999978818,10.313859000103548,11.717187999980524,11.717187999980524
2026-08-28T11:26:11.489Z,1530.036,500,1.537387999938801,4.623505000025034,4.907274999888614,12.79051600000821,50,8.837789999786764,10.86541899992153,13.11941699986346,13.11941699986346
2026-08-28T11:26:21.490Z,1540.036,500,1.5071789999492466,4.542095000157133,5.293773999903351,11.573777999961749,50,8.738500999985263,10.907288999995217,13.288886000169441,13.288886000169441
2026-08-28T11:26:31.489Z,1550.036,500,1.5448980000801384,4.608375000068918,4.789164999965578,6.513642999809235,50,8.902311000041664,10.766009000129998,12.478466999949887,12.478466999949887
2026-08-28T11:26:41.489Z,1560.036,500,1.5283979999367148,4.5720750000327826,4.928165000164881,10.027178999967873,50,8.89428099989891,10.81773899984546,11.598417999921367,11.598417999921367
2026-08-28T11:26:51.491Z,1570.036,500,1.5729879999998957,4.635215000016615,4.9865840000566095,12.47997700003907,50,8.938351000193506,10.840149000054225,10.889047999866307,10.889047999866307
2026-08-28T11:27:01.491Z,1580.036,500,1.5320890001021326,4.5609049999620765,5.011884999927133,5.516233999980614,50,8.886501000029966,10.809659000020474,10.977127999998629,10.977127999998629
2026-08-28T11:27:11.489Z,1590.036,500,1.537129000062123,4.643535000039265,5.052374999970198,9.432130000088364,50,8.981630000052974,10.960288000060245,12.925526999868453,12.925526999868453
2026-08-28T11:27:21.491Z,1600.037,500,1.5562889999710023,4.650416000047699,4.982534999959171,9.381791000021622,50,8.834740999853238,10.739869000157341,10.787357999943197,10.787357999943197
2026-08-28T11:27:31.489Z,1610.036,500,1.5431790000293404,4.612674999982119,4.9521849998272955,6.246293000178412,50,8.90965100005269,10.88495900016278,12.045597999822348,12.045597999822348
2026-08-28T11:27:41.491Z,1620.037,500,1.5162579999305308,4.55754499998875,5.051505000097677,12.019208000041544,50,8.873170000035316,10.943739000009373,11.593106999993324,11.593106999993324
2026-08-28T11:27:51.489Z,1630.036,500,1.553887999849394,4.646865000016987,4.814075000118464,9.717360000126064,50,8.896769999992102,10.925678999861702,13.150826999917626,13.150826999917626
2026-08-28T11:28:01.491Z,1640.037,500,1.5461789998225868,4.622685000067577,4.837094999849796,12.073337000096217,50,9.044870999874547,10.792228000005707,11.042527999961749,11.042527999961749
2026-08-28T11:28:11.491Z,1650.037,500,1.5333780001383275,4.607154999859631,5.250125000020489,12.018677999963984,50,8.844370000064373,10.82065899996087,11.087208000011742,11.087208000011742
2026-08-28T11:28:21.491Z,1660.036,500,1.5309089999645948,4.5854960000142455,4.881814999971539,12.550067000091076,50,9.22164099989459,11.0065290001221,11.071248000022024,11.071248000022024
2026-08-28T11:28:31.490Z,1670.036,500,1.5124790000263602,4.572805000003427,5.135254000080749,9.306250000139698,50,8.892491000005975,10.765688000014052,10.876118999905884,10.876118999905884
2026-08-28T11:28:41.491Z,1680.036,500,1.5102780000306666,4.572444999823347,4.900984999956563,9.260021000169218,50,8.99800999998115,10.61545899999328,10.967779000056908,10.967779000056908
2026-08-28T11:28:51.491Z,1690.037,500,1.6060689999721944,4.68813500017859,4.816835000179708,12.986616999842227,50,8.978791000088677,10.86941899987869,11.144858000101522,11.144858000101522
2026-08-28T11:29:01.492Z,1700.037,500,1.5262780000921339,4.5639150000642985,4.785344999982044,10.755897999973968,50,8.912790999980643,10.74007899989374,11.382227999856696,11.382227999856696
2026-08-28T11:29:11.491Z,1710.038,500,1.5736889999825507,4.656764999963343,4.808844999875873,11.984848000109196,50,8.869580999948084,10.868577999994159,11.924088000087067,11.924088000087067
2026-08-28T11:29:21.491Z,1720.038,500,1.5311780001502484,4.571544999955222,4.698175000026822,6.199283000081778,50,9.023080999962986,10.758248999947682,13.01165600004606,13.01165600004606
2026-08-28T11:29:31.490Z,1730.037,500,1.5314690000377595,4.602466000011191,4.840834999922663,9.609509999863803,50,8.85728000011295,10.961637999862432,12.823456999845803,12.823456999845803
2026-08-28T11:29:41.490Z,1740.037,500,1.5396579999942333,4.592385999858379,5.051694999914616,9.306199999991804,50,8.82583099999465,10.96227899985388,12.496117000002414,12.496117000002414
2026-08-28T11:29:51.491Z,1750.037,500,1.5506990000139922,4.641585000092164,5.04073500004597,12.59307699999772,50,8.908121000044048,10.232480000006035,12.093687999993563,12.093687999993563
2026-08-28T11:30:01.491Z,1760.037,500,1.5408379998989403,4.607555000111461,4.852045000065118,5.880103999981657,50,8.898530999897048,10.816558999940753,10.997969000134617,10.997969000134617
2026-08-28T11:30:11.491Z,1770.038,500,1.5531089999713004,4.636585999978706,5.005875000031665,12.075127999996766,50,8.947310000192374,10.90411900007166,11.875916999997571,11.875916999997571
2026-08-28T11:30:21.492Z,1780.039,500,1.5385580000001937,4.5761359999887645,5.037055000197142,10.50362899992615,50,8.90910100005567,10.770998999942094,12.368808000115678,12.368808000115678
2026-08-28T11:30:31.492Z,1790.039,500,1.5417480000760406,4.599645000183955,4.971995000028983,12.594497000100091,50,8.825861000223085,10.841679000062868,13.252945999847725,13.252945999847725
2026-08-28T11:30:41.492Z,1800.039,500,1.5494980001822114,4.628245000028983,4.9106650000903755,12.064717000117525,50,9.159830000018701,10.774368999991566,10.918257999932393,10.918257999932393
2026-08-28T11:30:51.493Z,1810.039,500,1.5365279999095947,4.581134999869391,4.75840500020422,9.027541000163183,50,8.917230000020936,10.9846789999865,11.856237000087276,11.856237000087276
2026-08-28T11:31:01.493Z,1820.039,500,1.5211779999081045,4.5571049998980016,4.714525999967009,10.994788999902084,50,8.930090999929234,10.718998999800533,12.252146999817342,12.252146999817342
2026-08-28T11:31:11.493Z,1830.04,500,1.572868000017479,4.627274999860674,4.764105000067502,12.028146999888122,50,8.850850999820977,10.765979000134394,10.963279000017792,10.963279000017792
2026-08-28T11:31:21.494Z,1840.041,500,1.6177179999649525,4.689844999928027,4.89477499993518,9.442670000018552,50,9.016160999890417,11.003598999930546,13.970625000074506,13.970625000074506
2026-08-28T11:31:31.495Z,1850.04,500,1.535749000031501,4.563485000049695,4.800835000118241,9.449130000080913,50,9.025830999948084,10.93789800000377,11.233319000108168,11.233319000108168
2026-08-28T11:31:41.495Z,1860.04,500,1.526488000061363,4.5587550001218915,5.206805000081658,11.902627999894321,50,8.805851000128314,10.612589000025764,12.367057000054047,12.367057000054047
2026-08-28T11:31:51.494Z,1870.041,500,1.5656280000694096,4.623474999796599,4.976524999830872,9.290720000164583,50,8.897250999929383,10.870079000014812,13.194666000083089,13.194666000083089
2026-08-28T11:32:01.494Z,1880.041,500,1.5766779999248683,4.612604999914765,4.83369499980472,12.833406999940053,50,8.950240999925882,10.838457999983802,10.96896900003776,10.96896900003776
2026-08-28T11:32:11.495Z,1890.04,500,1.5622179999481887,4.630434999940917,4.862383999861777,11.759368000086397,50,8.932990999892354,10.022489000111818,10.10675000003539,10.10675000003539
2026-08-28T11:32:21.495Z,1900.04,500,1.5081589999608696,4.538305000169203,4.688314999919385,9.924399999901652,50,8.821221000049263,10.94729799986817,11.829198000021279,11.829198000021279
2026-08-28T11:32:31.493Z,1910.04,500,1.5123689998872578,4.552566000027582,5.1067739999853075,10.14378000004217,50,8.816021000035107,10.76247899979353,10.81163900019601,10.81163900019601
2026-08-28T11:32:41.495Z,1920.04,500,1.5145389998797327,4.583246000111103,5.1559439999982715,9.68766999989748,50,8.902411000104621,10.76196900010109,10.919218000024557,10.919218000024557
2026-08-28T11:32:51.495Z,1930.04,500,1.5164179999846965,4.56435599992983,4.8064949999097735,11.709517000010237,50,9.035000000149012,10.835109000094235,11.04555799998343,11.04555799998343
2026-08-28T11:33:01.495Z,1940.04,500,1.5337880000006407,4.589984999969602,5.319684999994934,9.359670999925584,50,8.924420000053942,10.760668999981135,12.334027000004426,12.334027000004426
2026-08-28T11:33:11.495Z,1950.04,500,1.5906279999762774,4.652225999860093,5.1864849999547005,9.379089999943972,50,8.952611000044271,11.00379899982363,11.053478999994695,11.053478999994695
2026-08-28T11:33:21.494Z,1960.041,500,1.5396190001629293,4.585586000001058,5.014214999973774,11.300487999804318,50,8.919741000048816,10.904369000112638,10.997189000016078,10.997189000016078
2026-08-28T11:33:31.493Z,1970.04,500,1.5549380001612008,4.593375000171363,4.848035000031814,10.252020000014454,50,9.023560000117868,10.7489690000657,11.041397999972105,11.041397999972105
2026-08-28T11:33:41.495Z,1980.041,500,1.5372679999563843,4.577564999926835,4.8987050000578165,11.110928000183776,50,9.078540000133216,10.97276800009422,10.993448999943212,10.993448999943212
2026-08-28T11:33:51.495Z,1990.041,500,1.4917179998010397,4.466634999960661,4.640254999976605,8.475602000020444,50,8.85833099996671,10.810988999903202,11.154898999957368,11.154898999957368
2026-08-28T11:34:01.494Z,2000.041,500,1.5526790001895279,4.54147500009276,5.458073999965563,10.015339000150561,50,8.996840000152588,10.856618999969214,11.23896799981594,11.23896799981594
2026-08-28T11:34:11.495Z,2010.041,500,1.5738390001934022,4.606665999861434,5.033004000084475,11.15793800004758,50,8.901641000062227,11.097347999922931,11.146068000001833,11.146068000001833
2026-08-28T11:34:21.496Z,2020.042,500,1.5123890000395477,4.541775000048801,4.776474999962375,9.119460999965668,50,8.930159999988973,9.912570000160486,10.606927999993786,10.606927999993786
2026-08-28T11:34:31.495Z,2030.041,500,1.517998999916017,4.561365999979898,4.941855000099167,12.609327000100166,50,8.918241000035778,10.893879000097513,11.177038000198081,11.177038000198081
2026-08-28T11:34:41.494Z,2040.041,500,1.4737580001819879,4.5312449999619275,5.006745000137016,11.093828999903053,50,9.575269999913871,10.848547999979928,11.079388000071049,11.079388000071049
2026-08-28T11:34:51.494Z,2050.041,500,1.509517999831587,4.574555999832228,4.929084999952465,9.511459999950603,50,9.666019999887794,10.761879000114277,10.88474899996072,10.88474899996072
2026-08-28T11:35:01.496Z,2060.041,500,1.5088790000882,4.585966000100598,5.051394999958575,9.095940999919549,50,9.655999999959022,11.012058000080287,11.239477999974042,11.239477999974042
2026-08-28T11:35:11.495Z,2070.041,500,1.5116189999971539,4.567336000036448,5.3553539998829365,9.077640000032261,50,9.328110999893397,10.93480799999088,10.955688999965787,10.955688999965787
2026-08-28T11:35:21.496Z,2080.041,500,1.52241799980402,4.600024999817833,5.175644000060856,8.176952000008896,50,8.970700999954715,10.819149000104517,11.217118000146002,11.217118000146002
2026-08-28T11:35:31.496Z,2090.041,500,1.5314489998854697,4.592384999850765,5.078965000342578,9.851399000035599,50,8.897510000038892,10.994888999965042,11.162537999916822,11.162537999916822
2026-08-28T11:35:41.496Z,2100.042,500,1.4946679999120533,4.531545999925584,5.06245500035584,9.496951000299305,50,9.144580000080168,10.81036900030449,11.026568000204861,11.026568000204861
2026-08-28T11:35:51.495Z,2110.042,500,1.5083280000835657,4.581054999958724,5.225604000035673,9.163391000125557,50,9.101970999967307,10.860938999801874,10.985477999784052,10.985477999784052
2026-08-28T11:36:01.496Z,2120.042,500,1.5132379997521639,4.608364999759942,5.500164999626577,9.47275000018999,50,8.960130999796093,11.004087999928743,11.11241800012067,11.11241800012067
2026-08-28T11:36:11.495Z,2130.042,500,1.4906180002726614,4.513426000252366,5.420354000292718,8.664051000028849,50,9.021970000118017,10.805639000143856,11.109488000161946,11.109488000161946
2026-08-28T11:36:21.496Z,2140.042,500,1.4964490002021194,4.550575000233948,5.012864000163972,9.128120999783278,50,8.93044100003317,10.892779000103474,11.038949000183493,11.038949000183493
2026-08-28T11:36:31.495Z,2150.042,500,1.489047999959439,4.525965999811888,4.954094999935478,9.680969999637455,50,8.94799100002274,10.808498000260442,11.067247999832034,11.067247999832034
2026-08-28T11:36:41.496Z,2160.042,500,1.50637900037691,4.614324999973178,5.168444000184536,9.98860999988392,50,9.000050000380725,11.067428999580443,11.37795800017193,11.37795800017193
2026-08-28T11:36:51.496Z,2170.042,500,1.5152090000919998,4.560304999817163,5.04996500024572,11.389737999998033,50,8.757561000064015,10.77710899990052,11.021228000055999,11.021228000055999
2026-08-28T11:37:01.496Z,2180.043,500,1.5013480000197887,4.546795000322163,5.011415000073612,10.08058000029996,50,9.193411000072956,10.820249000098556,10.963428999762982,10.963428999762982
2026-08-28T11:37:11.496Z,2190.042,500,1.5152980000711977,4.562814999837428,5.320875000208616,11.279897999949753,50,8.991990000009537,10.81073800008744,10.97873800015077,10.97873800015077
2026-08-28T11:37:21.495Z,2200.042,500,1.501587999984622,4.549224999733269,4.902473999653012,9.212319999933243,50,8.782559999730438,10.88026800006628,11.068258000072092,11.068258000072092
2026-08-28T11:37:31.496Z,2210.043,500,1.5426179999485612,4.573915000073612,5.040225000120699,9.495649999938905,50,8.907070999965072,10.86438800022006,11.01485799998045,11.01485799998045
2026-08-28T11:37:41.497Z,2220.042,500,1.514017999637872,4.480694999918342,5.116544999647886,9.62335000000894,50,8.801099999807775,9.944248999934644,10.680767999961972,10.680767999961972
2026-08-28T11:37:51.497Z,2230.043,500,1.5461879996582866,4.602855000179261,5.228124999906868,9.239850000012666,50,8.880129999946803,10.81922800000757,11.039079000242054,11.039079000242054
2026-08-28T11:38:01.495Z,2240.042,500,1.5566889997571707,4.608585000038147,5.088873999658972,12.37179599981755,50,8.92653000028804,10.741409000009298,10.903967999853194,10.903967999853194
2026-08-28T11:38:11.497Z,2250.042,500,1.522249000146985,4.539625000208616,4.979224999900907,8.946450000163168,50,8.78158999979496,10.83967800019309,10.991307999938726,10.991307999938726
2026-08-28T11:38:21.495Z,2260.042,500,1.5776780000887811,4.592524999752641,4.8862540000118315,11.072348000016063,50,8.855719999875873,10.822607999667525,11.015347999986261,11.015347999986261
2026-08-28T11:38:31.495Z,2270.042,500,1.5256989998742938,4.508475000038743,5.123424000106752,7.898952000308782,50,8.841119999997318,10.815857999958098,10.884827999863774,10.884827999863774
2026-08-28T11:38:41.495Z,2280.042,500,1.5619890000671148,4.597014999948442,4.9151450004428625,7.0482319998554885,50,8.969319999683648,10.286809000186622,10.789177999831736,10.789177999831736
2026-08-28T11:38:51.496Z,2290.042,500,1.5491479998454452,4.585424999706447,5.068504999857396,9.33163999998942,50,9.014479999896139,11.107728000264615,12.042406999971718,12.042406999971718
2026-08-28T11:39:01.496Z,2300.043,500,1.5413779998198152,4.594074999913573,4.947433999739587,9.407648999709636,50,9.124559999909252,10.862819000147283,10.925238000229001,10.925238000229001
2026-08-28T11:39:11.497Z,2310.042,500,1.5143679999746382,4.562144999857992,4.776844999752939,10.883497999981046,50,9.02619000012055,10.664418999571353,11.07773800007999,11.07773800007999
2026-08-28T11:39:21.495Z,2320.042,500,1.489238000009209,4.5420850003138185,4.768534999806434,9.189040000084788,50,8.857180000282824,10.972328000236303,11.742548000067472,11.742548000067472
2026-08-28T11:39:31.495Z,2330.042,500,1.4910389999859035,4.553355999756604,5.307504000142217,8.431611000094563,50,8.966030000243336,10.815598000306636,12.213086999952793,12.213086999952793
2026-08-28T11:39:41.497Z,2340.042,500,1.5039480002596974,4.551305000204593,5.10053399996832,9.422999999951571,50,9.024850000161678,10.946097999811172,11.556768000125885,11.556768000125885
2026-08-28T11:39:51.497Z,2350.042,500,1.5014390000142157,4.549765000119805,5.075315000023693,9.532569999806583,50,9.027570999693125,11.65074700023979,11.782776999752969,11.782776999752969
2026-08-28T11:40:01.495Z,2360.042,500,1.558428999967873,4.591285000089556,4.915604999754578,10.49750899989158,50,8.916000000201166,10.664019000250846,11.948297999799252,11.948297999799252
2026-08-28T11:40:11.495Z,2370.042,500,1.5504290000535548,4.5551350000314415,4.892064999789,10.505758000072092,50,9.070859999861568,10.935817999765277,12.071507000364363,12.071507000364363
2026-08-28T11:40:21.495Z,2380.042,500,1.5817880001850426,4.625745000317693,5.1833839998580515,7.842721999622881,50,9.022390000056475,11.101447999943048,12.318485999945551,12.318485999945551
2026-08-28T11:40:31.495Z,2390.042,500,1.543688999954611,4.668123999610543,5.193073999602348,11.931907000020146,50,8.952349999919534,11.040508000180125,11.64111700002104,11.64111700002104
2026-08-28T11:40:41.497Z,2400.042,500,1.5117779998108745,4.56730500003323,5.007435000035912,8.873869999777526,50,8.939800000283867,10.740588000044227,10.877077999990433,10.877077999990433
2026-08-28T11:40:51.495Z,2410.042,500,1.5628979997709394,4.5821249997243285,4.808994000311941,10.234379000030458,50,9.053069999907166,10.875839000102133,11.766526999883354,11.766526999883354
2026-08-28T11:41:01.496Z,2420.043,500,1.5217589996755123,4.551725000143051,4.978093999903649,9.19867100007832,50,9.15908999973908,10.786898999940604,11.807266999967396,11.807266999967396
2026-08-28T11:41:11.496Z,2430.043,500,1.492498999927193,4.525896000210196,5.436895000282675,8.963059999980032,50,9.005489999894053,10.836968999821693,10.999768000096083,10.999768000096083
2026-08-28T11:41:21.496Z,2440.043,500,1.5626989998854697,4.619874999858439,5.000674000009894,9.5610690000467,50,8.995339999906719,11.074998000171036,11.913867000024766,11.913867000024766
2026-08-28T11:41:31.496Z,2450.043,500,1.5452189999632537,4.614874999970198,4.973685000091791,9.203349999617785,50,9.074000000022352,10.959278000053018,11.940856999717653,11.940856999717653
2026-08-28T11:41:41.496Z,2460.043,500,1.5561489998362958,4.610785000026226,4.819385000038892,12.736725999973714,50,9.012600000016391,10.839898000005633,12.016456999816,12.016456999816
2026-08-28T11:41:51.498Z,2470.043,500,1.5516579998657107,4.585465000011027,4.764574999921024,8.839030000381172,50,9.08449999988079,10.793048999737948,11.107418000232428,11.107418000232428
2026-08-28T11:42:01.498Z,2480.043,500,1.5393880000337958,4.58301499998197,5.007254999596626,9.961809000000358,50,8.948669999837875,11.152058000210673,11.789507000241429,11.789507000241429
2026-08-28T11:42:11.496Z,2490.043,500,1.5298589998856187,4.503035000059754,4.826785000041127,8.706939999945462,50,8.888961000367999,10.956398000009358,11.717488000169396,11.717488000169396
2026-08-28T11:42:21.498Z,2500.043,500,1.503618999850005,4.5443449998274446,5.091955000068992,8.915700000245124,50,9.045069999992847,11.04991800012067,11.96843699971214,11.96843699971214
2026-08-28T11:42:31.497Z,2510.043,500,1.5150889996439219,4.560263999737799,5.037324000149965,9.179990000091493,50,8.92119099991396,10.984188000205904,11.115987999830395,11.115987999830395
2026-08-28T11:42:41.496Z,2520.043,500,1.5373080000281334,4.5224549998529255,4.817555000074208,9.21114999987185,50,8.947531000245363,10.924958999734372,10.996427999809384,10.996427999809384
2026-08-28T11:42:51.498Z,2530.043,500,1.5412880000658333,4.5590949999168515,4.89852499961853,10.927347999997437,50,8.994119999930263,11.699756999965757,11.928007000125945,11.928007000125945
2026-08-28T11:43:01.496Z,2540.043,500,1.541137999854982,4.548615000210702,4.939655000343919,9.383920000400394,50,9.497899999842048,11.001908000092953,12.096386999823153,12.096386999823153
2026-08-28T11:43:11.496Z,2550.043,500,1.5292980000376701,4.597744999919087,5.029345000162721,10.636098000220954,50,8.98883100040257,10.979499000124633,11.685307000298053,11.685307000298053
2026-08-28T11:43:21.496Z,2560.043,500,1.5248290002346039,4.53135500010103,4.920734999701381,8.79516000021249,50,9.120289999991655,10.9898979999125,11.86081700026989,11.86081700026989
2026-08-28T11:43:31.498Z,2570.043,500,1.5577489999122918,4.620414999779314,5.0567149999551475,9.037949999794364,50,8.913699999917299,11.74659699993208,11.901136999949813,11.901136999949813
2026-08-28T11:43:41.497Z,2580.043,500,1.537169000133872,4.585355000104755,5.125884000211954,9.325060000177473,50,9.453900000080466,11.233357999939471,12.19193600025028,12.19193600025028
2026-08-28T11:43:51.496Z,2590.043,500,1.5474290000274777,4.592544999904931,5.092433999758214,10.058428999967873,50,9.606510000303388,11.77874800004065,11.937857000157237,11.937857000157237
2026-08-28T11:44:01.497Z,2600.043,500,1.5336779998615384,4.59381499979645,4.918544000014663,12.003175999969244,50,9.619939999654889,11.744806999806315,11.780706999823451,11.780706999823451
2026-08-28T11:44:11.497Z,2610.043,500,1.5270180003717542,4.547455000225455,5.225595000199974,11.679676999803632,50,8.896071000024676,11.05202899966389,11.741326999850571,11.741326999850571
2026-08-28T11:44:21.498Z,2620.043,500,1.5581579999998212,4.627394999843091,5.2720240000635386,11.375477000139654,50,9.141249999869615,11.855057999957353,12.11005700007081,12.11005700007081
2026-08-28T11:44:31.496Z,2630.043,500,1.5386779997497797,4.532395000103861,5.047995000146329,11.70558699965477,50,8.852200999855995,11.871476999949664,11.915806999895722,11.915806999895722
2026-08-28T11:44:41.498Z,2640.043,500,1.5342180002480745,4.566034999676049,5.1845550001598895,9.582819000352174,50,9.1634900001809,10.920049000065774,11.86725699994713,11.86725699994713
2026-08-28T11:44:51.498Z,2650.043,500,1.5705290003679693,4.655815000180155,5.159754000138491,9.265760000329465,50,9.141009999904782,11.032397999893874,11.923916999716312,11.923916999716312
2026-08-28T11:45:01.496Z,2660.043,500,1.5393090001307428,4.58153499988839,4.958125000353903,10.12051900010556,50,9.071609999984503,11.815167000051588,11.990827000234276,11.990827000234276
2026-08-28T11:45:11.497Z,2670.043,500,1.5425880001857877,4.590474999975413,5.097885000053793,8.788879999890924,50,9.656768999993801,11.625977999996394,11.97478700010106,11.97478700010106
2026-08-28T11:45:21.496Z,2680.043,500,1.545038000214845,4.572864999994636,5.12166399974376,10.21244899975136,50,9.777189000044018,11.025808000005782,11.147597000002861,11.147597000002861
2026-08-28T11:45:31.496Z,2690.043,500,1.5478779999539256,4.6314050001092255,4.8964039999991655,9.797590000089258,50,9.303220000118017,11.876417000312358,11.967097000218928,11.967097000218928
2026-08-28T11:45:41.496Z,2700.043,500,1.550428000278771,4.631184999831021,4.985205000266433,14.857862999662757,50,9.768798999954015,11.27477699983865,15.68453299999237,15.68453299999237
2026-08-28T11:45:51.498Z,2710.043,500,1.5596680003218353,4.620494999922812,5.227255000267178,12.146356000099331,50,9.547049999702722,11.766377000138164,11.904596999753267,11.904596999753267
2026-08-28T11:46:01.496Z,2720.043,500,1.543327999766916,4.526924999896437,4.861113999970257,9.069569999817759,50,9.613299999851733,10.977097999770194,11.984306999947876,11.984306999947876
2026-08-28T11:46:11.498Z,2730.043,500,1.535058000124991,4.584955000318587,5.254213999956846,9.448669000063092,50,9.60999899962917,11.463677000254393,11.916456999722868,11.916456999722868
2026-08-28T11:46:21.496Z,2740.043,500,1.5454990002326667,4.590614999644458,4.94264499982819,9.487060000188649,50,9.629989999812096,11.679506999906152,11.796176999807358,11.796176999807358
2026-08-28T11:46:31.498Z,2750.043,500,1.5270179999060929,4.590915000066161,5.18344399984926,9.310930000152439,50,9.289109000004828,11.08009700011462,11.742156999651343,11.742156999651343
2026-08-28T11:46:41.498Z,2760.043,500,1.5472789998166263,4.593485000077635,5.192625000141561,9.700449000112712,50,9.231699999887496,10.860988999716938,11.83767700009048,11.83767700009048
2026-08-28T11:46:51.498Z,2770.043,500,1.5381380002945662,4.583715000189841,5.198894999921322,9.681408999953419,50,9.806619000155479,11.0784379998222,11.379868000280112,11.379868000280112
2026-08-28T11:47:01.497Z,2780.043,500,1.520229000132531,4.511225000023842,5.070284000132233,8.73194000031799,50,9.751110000070184,11.38912699976936,11.987287000287324,11.987287000287324
2026-08-28T11:47:11.496Z,2790.043,500,1.6059179999865592,4.6855150000192225,4.995083999820054,9.271099000237882,50,9.475509999785572,11.616816999856383,11.919766999781132,11.919766999781132
2026-08-28T11:47:21.498Z,2800.043,500,1.5147090000100434,4.549535000231117,5.293233999982476,11.607677000109106,50,9.390130000188947,11.587387000210583,11.857317000161856,11.857317000161856
2026-08-28T11:47:31.498Z,2810.043,500,1.5279490002430975,4.5651050000451505,5.346683999989182,9.231190000195056,50,9.801769000012428,11.690526999998838,11.979667000006884,11.979667000006884
2026-08-28T11:47:41.497Z,2820.043,500,1.5337390000931919,4.567174999974668,5.179824999999255,9.334650000091642,50,9.720139999873936,11.719907000195235,12.008487000130117,12.008487000130117
2026-08-28T11:47:51.496Z,2830.043,500,1.5111789996735752,4.550805000122637,4.810465000104159,11.639587000012398,50,9.732379999943078,10.937718000262976,11.07824800023809,11.07824800023809
2026-08-28T11:48:01.498Z,2840.043,500,1.4972579996101558,4.53929500002414,4.869595000054687,9.620140000246465,50,9.828519999980927,11.627337000332773,11.785217000171542,11.785217000171542
2026-08-28T11:48:11.497Z,2850.043,500,1.5242380001582205,4.527825000230223,5.523533999919891,11.77606699988246,50,9.79914000025019,11.058528000023216,11.89657700015232,11.89657700015232
2026-08-28T11:48:21.497Z,2860.043,500,1.4898589998483658,4.5097760003991425,5.179163999855518,9.859358999878168,50,9.658429000061005,11.216278000269085,11.82706700032577,11.82706700032577
2026-08-28T11:48:31.496Z,2870.043,500,1.4844180000945926,4.4870649999938905,5.17134500015527,8.72831999976188,50,9.471198999788612,10.876698000356555,11.837067000102252,11.837067000102252
2026-08-28T11:48:41.498Z,2880.043,500,1.5108980000950396,4.560555000323802,5.264293999876827,9.878500000108033,50,9.759480000007898,11.798247000202537,11.877307000104338,11.877307000104338
2026-08-28T11:48:51.496Z,2890.043,500,1.5223980001173913,4.5646649999544024,4.8474139999598265,9.72795999981463,50,9.799958999734372,10.944667999632657,11.849057000130415,11.849057000130415
2026-08-28T11:49:01.496Z,2900.043,500,1.5244089998304844,4.580664999783039,5.12801400013268,9.321498999837786,50,9.69491899991408,10.873018000274897,11.853266999591142,11.853266999591142
2026-08-28T11:49:11.496Z,2910.043,500,1.5256280000321567,4.519515000283718,5.121514999773353,8.782040000427514,50,9.920928999781609,11.051078000105917,11.798927000258118,11.798927000258118
2026-08-28T11:49:21.496Z,2920.043,500,1.4893090003170073,4.534365000203252,5.113175000064075,9.799089999869466,50,9.776078999973834,11.766226999927312,19.02576999971643,19.02576999971643
2026-08-28T11:49:31.497Z,2930.043,500,1.5184679999947548,4.514285000041127,4.884814000222832,8.91311000008136,50,9.67107899999246,11.661468000151217,11.925326999742538,11.925326999742538
2026-08-28T11:49:41.498Z,2940.043,500,1.54211900010705,4.566665000282228,5.272774999961257,11.247357999905944,50,9.837738999631256,11.065787999890745,11.763706999830902,11.763706999830902
2026-08-28T11:49:51.497Z,2950.043,500,1.5016680001281202,4.534155000001192,4.790403999853879,11.29231799999252,50,9.428090000059456,11.693707999773324,11.74029800016433,11.74029800016433
2026-08-28T11:50:01.497Z,2960.043,500,1.504858000203967,4.5065850000828505,4.968294999562204,9.486330000218004,50,9.555640000384301,11.083377999719232,11.950827000197023,11.950827000197023
2026-08-28T11:50:11.498Z,2970.043,500,1.5333380000665784,4.51522499974817,5.119493999984115,9.495918999891728,50,9.811109999660403,10.991657999809831,11.844277000054717,11.844277000054717
2026-08-28T11:50:21.496Z,2980.043,500,1.5427879998460412,4.531214999966323,5.219473999924958,9.341339999809861,50,9.77638900000602,11.163216999731958,11.420588000211865,11.420588000211865
2026-08-28T11:50:31.498Z,2990.043,500,1.5981180001981556,4.688825000077486,5.489744000136852,11.085017999634147,50,9.692848999984562,11.593347999732941,12.004796999972314,12.004796999972314
2026-08-28T11:50:41.498Z,3000.043,500,1.596317999996245,4.604804999660701,5.054343999829143,9.321469999849796,50,9.793180000036955,11.764407000038773,11.820266999769956,11.820266999769956
2026-08-28T11:50:51.498Z,3010.043,500,1.5010689999908209,4.561655000317842,5.337913999799639,12.61120600020513,50,9.8058500001207,11.003408000338823,11.87972699990496,11.87972699990496
2026-08-28T11:51:01.498Z,3020.043,500,1.52999799977988,4.5388160003349185,5.327344000339508,12.329925999976695,50,9.79412900004536,10.988358000293374,11.690537000074983,11.690537000074983
2026-08-28T11:51:11.496Z,3030.043,500,1.5255780001170933,4.554675000254065,4.9565149997361,9.382478999905288,50,9.792310000397265,11.046147000044584,11.787327999714762,11.787327999714762
2026-08-28T11:51:21.496Z,3040.043,500,1.5473679997958243,4.507405000273138,4.8586149998009205,9.023440999910235,50,9.836329000070691,10.93266799999401,11.957156999967992,11.957156999967992
2026-08-28T11:51:31.497Z,3050.043,500,1.5766579997725785,4.625725000165403,5.636454000137746,11.650228000245988,50,9.803898999933153,11.799786999821663,12.168535999953747,12.168535999953747
2026-08-28T11:51:41.496Z,3060.043,500,1.5451580001972616,4.548855000175536,4.931954999919981,11.144567999988794,50,9.778380000032485,12.016107000410557,12.140116999857128,12.140116999857128
2026-08-28T11:51:51.498Z,3070.043,500,1.5440779998898506,4.52320499997586,5.6375739998184144,9.594399000052363,50,9.80530899995938,11.012697000056505,11.801287000067532,11.801287000067532
2026-08-28T11:52:01.497Z,3080.043,500,1.539618999697268,4.565694999881089,5.0410050000064075,11.813736999873072,50,9.823208999820054,11.781936999876052,11.900506999809295,11.900506999809295
2026-08-28T11:52:11.496Z,3090.043,500,1.545838000252843,4.535546000115573,4.8729240000247955,12.54130700044334,50,9.839229000266641,10.910878000315279,11.865677000023425,11.865677000023425
2026-08-28T11:52:21.497Z,3100.044,500,1.5535580003634095,4.508094999939203,5.112383999861777,8.699181000236422,50,9.867318999953568,11.740826999768615,11.899316999595612,11.899316999595612
2026-08-28T11:52:31.497Z,3110.043,500,1.5494589996524155,4.5333350002765656,5.028605000115931,12.407606999855489,50,9.816008999943733,11.807246999815106,11.870056999847293,11.870056999847293
2026-08-28T11:52:41.498Z,3120.043,500,1.6006780001334846,4.7218749998137355,5.191984999924898,9.210800000000745,50,9.801628999877721,11.081438000313938,12.07740700012073,12.07740700012073
2026-08-28T11:52:51.498Z,3130.043,500,1.5807090001180768,4.696504999883473,5.291424000170082,9.00579100009054,50,9.81703900033608,11.679277000017464,12.13173699984327,12.13173699984327
2026-08-28T11:53:01.497Z,3140.044,500,1.5085990000516176,4.554745000321418,5.075734999962151,11.439596999902278,50,9.822298999875784,11.807317000348121,12.099497000221163,12.099497000221163
2026-08-28T11:53:11.498Z,3150.044,500,1.4915589997544885,4.533814999740571,5.219304000027478,9.362900000065565,50,9.87590999994427,11.557957999873906,12.025956999976188,12.025956999976188
2026-08-28T11:53:21.497Z,3160.044,500,1.51447799988091,4.527234999928623,5.111335000023246,10.848038000054657,50,9.7585590002127,11.760836999863386,11.914957999717444,11.914957999717444
2026-08-28T11:53:31.497Z,3170.045,500,1.5196290002204478,4.585175999905914,5.240703999996185,11.929286999627948,50,9.850539000239223,11.331448000390083,12.064586999826133,12.064586999826133
2026-08-28T11:53:41.497Z,3180.044,500,1.4919779999181628,4.5541550000198185,4.838824999984354,9.340958999935538,50,9.88457900006324,10.998128000181168,11.942166999913752,11.942166999913752
2026-08-28T11:53:51.498Z,3190.045,500,1.4994279998354614,4.564615999814123,4.920054000336677,9.586758999619633,50,9.897758999839425,11.517808000091463,11.909057000186294,11.909057000186294
2026-08-28T11:54:01.498Z,3200.044,500,1.5082590002566576,4.544955000281334,4.902045000344515,9.53923000022769,50,9.907858999911696,11.134157999884337,11.73609699960798,11.73609699960798
2026-08-28T11:54:11.498Z,3210.044,500,1.5455390000715852,4.6197560001164675,5.1127740000374615,10.91060800012201,50,9.833389999810606,11.735347000416368,11.847787000238895,11.847787000238895
2026-08-28T11:54:21.499Z,3220.044,500,1.5470989998430014,4.5416350001469254,5.017533999867737,10.225769000127912,50,9.79190000006929,11.045468000229448,11.971267000306398,11.971267000306398
2026-08-28T11:54:31.497Z,3230.044,500,1.582357999868691,4.623945000115782,5.084975000005215,12.348206999711692,50,9.834028999786824,11.892647000029683,11.943186999764293,11.943186999764293
2026-08-28T11:54:41.498Z,3240.044,500,1.5986489998176694,4.60884500015527,5.080034000333399,9.438540000002831,50,9.842949000187218,10.99084800016135,11.92584800021723,11.92584800021723
2026-08-28T11:54:51.499Z,3250.045,501,1.6060680001974106,4.638224999886006,5.090485000051558,8.823061000090092,50,9.774229999631643,11.882408000063151,11.945278000086546,11.945278000086546
2026-08-28T11:55:01.497Z,3260.044,499,1.55005900003016,4.578174999915063,4.95691499998793,8.46749099995941,50,9.780759999994189,11.157608000095934,11.825547999702394,11.825547999702394
2026-08-28T11:55:11.497Z,3270.044,500,1.4979079999029636,4.529744999948889,5.0792350000701845,9.224609999917448,50,9.868588999845088,11.62209799978882,11.959108000155538,11.959108000155538
2026-08-28T11:55:21.498Z,3280.045,500,1.547679000068456,4.556505000218749,4.995474999770522,9.563229999970645,50,9.82497900025919,11.25128800002858,11.692406999878585,11.692406999878585
2026-08-28T11:55:31.498Z,3290.045,500,1.5678280000574887,4.56726499972865,4.911005000118166,8.995760000310838,50,10.030710000079125,11.877986999694258,12.01921800011769,12.01921800011769
2026-08-28T11:55:41.499Z,3300.046,500,1.557998000178486,4.589335000142455,5.276895000133663,12.639766999986023,50,9.832059999927878,11.741458000149578,12.033017999958247,12.033017999958247
2026-08-28T11:55:51.500Z,3310.045,500,1.5919290003366768,4.607944999821484,4.925435000099242,12.613737000152469,50,9.990719999652356,11.750177999958396,11.891197000164539,11.891197000164539
2026-08-28T11:56:01.499Z,3320.045,500,1.5726890000514686,4.651304999832064,5.141234999988228,11.24423799989745,50,9.926740000024438,11.722527999896556,12.121846999973059,12.121846999973059
2026-08-28T11:56:11.499Z,3330.046,500,1.5691980002447963,4.628604999743402,4.861305000260472,11.515527999959886,50,9.977669999934733,11.241368999704719,11.837016999721527,11.837016999721527
2026-08-28T11:56:21.500Z,3340.046,500,1.5886890003457665,4.6715649999678135,4.996305000036955,11.638478000182658,50,9.939780000131577,11.113067999947816,11.127509000245482,11.127509000245482
2026-08-28T11:56:31.499Z,3350.046,500,1.5395789998583496,4.5436149998568,5.10124500002712,10.808998999651521,50,9.7818400003016,11.683426999952644,11.88875799998641,11.88875799998641
2026-08-28T11:56:41.499Z,3360.046,500,1.5552679998800159,4.617765999864787,5.226983999833465,11.417007999960333,50,9.857549999840558,11.706728000193834,11.816048000007868,11.816048000007868
2026-08-28T11:56:51.501Z,3370.046,501,1.5228989999741316,4.520086000207812,4.982365000061691,11.05366799980402,50,9.842569000087678,11.925908000208437,12.079446999821812,12.079446999821812
2026-08-28T11:57:01.501Z,3380.046,499,1.5607679998502135,4.59798499988392,5.214854000136256,8.667671000119299,50,10.003539999946952,11.882387999910861,12.011866999790072,12.011866999790072
2026-08-28T11:57:11.501Z,3390.046,501,1.5353379999287426,4.521205000113696,5.3996539996005595,11.069258000236005,50,10.574648999609053,11.83910800004378,12.016446999739856,12.016446999739856
2026-08-28T11:57:21.501Z,3400.046,499,1.5192380002699792,4.509955999907106,4.751255000010133,11.740577999968082,50,9.841889999806881,11.685626999940723,11.742677999660373,11.742677999660373
2026-08-28T11:57:31.500Z,3410.047,500,1.512178000062704,4.494166000280529,4.920954999979585,11.628448000177741,50,10.082868999801576,11.836598000023514,11.949087999761105,11.949087999761105
2026-08-28T11:57:41.502Z,3420.047,501,1.5235979999415576,4.520405999850482,5.013755000196397,13.197255999781191,50,9.97491000033915,11.75420800037682,11.928498000372201,11.928498000372201
2026-08-28T11:57:51.502Z,3430.047,500,1.565589000005275,4.563335999846458,4.823415000457317,7.223451999947429,50,9.87375000026077,11.86260800017044,12.011517999693751,12.011517999693751
2026-08-28T11:58:01.500Z,3440.047,499,1.555368000175804,4.517806000076234,5.033724999986589,13.4252559999004,50,9.917309999931604,11.709178000222892,12.018856999929994,12.018856999929994
2026-08-28T11:58:11.502Z,3450.047,501,1.5589879998005927,4.584476000163704,5.09025500016287,13.945046000182629,50,10.195640000049025,11.785307999700308,12.016747000161558,12.016747000161558
2026-08-28T11:58:21.500Z,3460.047,499,1.5632790001109242,4.523816000204533,4.919445000123233,6.6590330000035465,50,9.916379999835044,12.046606999821961,12.37629699986428,12.37629699986428
2026-08-28T11:58:31.500Z,3470.047,500,1.5428379997611046,4.564135999884456,5.188523999880999,12.053647000342607,50,10.126279999967664,11.853798000141978,12.13334699999541,12.13334699999541
2026-08-28T11:58:41.500Z,3480.047,501,1.585308000445366,4.632306000217795,5.62056399974972,12.9691570000723,50,10.580719000194222,11.85504800034687,11.9219780000858,11.9219780000858
2026-08-28T11:58:51.501Z,3490.047,500,1.5479480000212789,4.5127550000324845,5.130384999793023,9.538201000075787,50,9.94939999980852,11.754577999934554,11.952907000202686,11.952907000202686
2026-08-28T11:59:01.501Z,3500.047,500,1.5597379999235272,4.496995000168681,4.987505000084639,6.125872999895364,50,9.920919000171125,11.781577999703586,11.851528000086546,11.851528000086546
2026-08-28T11:59:11.502Z,3510.047,500,1.4977490003220737,4.478606000076979,4.9232439999468625,11.631258000154048,50,10.520589999854565,11.807696999982,11.92293700017035,11.92293700017035
2026-08-28T11:59:21.500Z,3520.047,499,1.5501190000213683,4.507686000317335,4.770335000008345,9.490230000112206,50,10.57637899974361,11.96513699973002,11.99223699979484,11.99223699979484
2026-08-28T11:59:31.501Z,3530.047,500,1.5411880002357066,4.488845000043511,4.729195000138134,11.654147999826819,50,10.681888999883085,11.805707999970764,11.970538000110537,11.970538000110537
2026-08-28T11:59:41.500Z,3540.047,500,1.5737980003468692,4.583034999668598,4.9401150001212955,11.794847999699414,50,9.893869999796152,11.835808000061661,12.106706999707967,12.106706999707967
2026-08-28T11:59:51.502Z,3550.047,501,1.5649779997766018,4.604705000296235,5.1765749999322,12.120646999683231,50,9.908130000345409,11.796217999886721,11.910237000323832,11.910237000323832
2026-08-28T12:00:01.502Z,3560.047,499,1.5600479999557137,4.561015999875963,5.186655000317842,8.180141000077128,50,10.687899000011384,11.923927000258118,12.062646999955177,12.062646999955177
2026-08-28T12:00:11.501Z,3570.048,500,1.4906790000386536,4.474026000127196,5.280154000036418,11.335458000190556,50,10.112598999869078,11.82341800024733,12.547546999994665,12.547546999994665
2026-08-28T12:00:21.499Z,3580.046,500,1.5133580002002418,4.507015000097454,5.48021399974823,13.50442499993369,50,9.821999999694526,11.894216999877244,12.02061800006777,12.02061800006777
2026-08-28T12:00:31.501Z,3590.047,501,1.5270089996047318,4.552856000140309,5.239085000008345,11.519017999991775,50,9.882759999949485,11.907276999671012,12.226187999825925,12.226187999825925
2026-08-28T12:00:41.502Z,3600.047,500,1.5304080001078546,4.523864999879152,4.971614999696612,9.938169999979436,50,9.950308999978006,11.821708000265062,12.17220800044015,12.17220800044015
2026-08-28T12:00:51.502Z,3610.047,500,1.4982880000025034,4.500835999846458,5.076384999789298,6.9808930000290275,50,10.624009000137448,11.872456999961287,11.939288000110537,11.939288000110537
2026-08-28T12:01:01.502Z,3620.047,499,1.475447999779135,4.475875000003725,4.9263249998912215,7.132383000105619,50,10.585048999637365,11.956486999988556,12.257906999904662,12.257906999904662
2026-08-28T12:01:11.500Z,3630.047,500,1.4872189997695386,4.486605999991298,5.060865000355989,11.275938999839127,50,10.019829000346363,11.806278000120074,12.019117999821901,12.019117999821901
2026-08-28T12:01:21.500Z,3640.047,500,1.5744289997965097,4.594835000112653,5.105673999991268,12.987716000061482,50,9.843570000026375,11.680236999876797,11.947478000074625,11.947478000074625
2026-08-28T12:01:31.502Z,3650.047,501,1.543798000086099,4.48813599999994,5.534173999913037,13.348075999878347,50,10.559789000079036,11.863776999991387,12.130377999972552,12.130377999972552
2026-08-28T12:01:41.500Z,3660.047,499,1.5307179996743798,4.488836000207812,4.701674999669194,6.4438029997982085,50,10.598688999656588,11.829628000035882,11.928066999651492,11.928066999651492
2026-08-28T12:01:51.502Z,3670.047,501,1.5273279999382794,4.545984999742359,5.149665000382811,12.738376999739558,50,10.38167899986729,11.811848000157624,12.073336999863386,12.073336999863386
2026-08-28T12:02:01.500Z,3680.047,499,1.5538480002433062,4.553444999735802,5.032705000136048,10.76660900004208,50,9.8782600001432,11.98974800016731,12.61222600005567,12.61222600005567
2026-08-28T12:02:11.501Z,3690.048,500,1.5559390000998974,4.610695000272244,5.131645000074059,12.953046000096947,50,10.510898999869823,11.850556999910623,12.03526799986139,12.03526799986139
2026-08-28T12:02:21.503Z,3700.048,501,1.5571590000763535,4.519505000207573,5.1433039996773005,12.415116999763995,50,10.15843900013715,11.924897000193596,12.234426999930292,12.234426999930292
