timestamp,elapsed_seconds,rss_bytes,peak_rss_bytes,process_swap_bytes,system_available_bytes,system_swap_used_bytes,load_1
2026-08-28T11:00:41.454Z,0.002,837791744,837791744,0,13338734592,0,0.62
2026-08-28T11:00:51.462Z,10.01,836612096,837722112,0,13415936000,0,0.6
2026-08-28T11:01:01.462Z,20.01,840224768,840224768,0,13432205312,0,0.51
2026-08-28T11:01:11.462Z,30.01,844124160,844681216,0,13425770496,0,0.51
2026-08-28T11:01:21.463Z,40.011,847687680,848281600,0,13436530688,0,0.5
2026-08-28T11:01:31.463Z,50.011,851775488,852484096,0,13430915072,0,0.65
2026-08-28T11:01:41.463Z,60.011,855355392,856260608,0,13422710784,0,0.55
2026-08-28T11:01:51.463Z,70.011,860045312,860598272,0,13416611840,0,0.46
2026-08-28T11:02:01.463Z,80.011,863612928,864243712,0,13421424640,0,0.39
2026-08-28T11:02:11.463Z,90.011,866525184,868356096,0,13421240320,0,0.49
2026-08-28T11:02:21.464Z,100.012,868597760,869601280,0,13413715968,0,0.57
2026-08-28T11:02:31.462Z,110.01,869392384,870498304,0,13416103936,0,0.64
2026-08-28T11:02:41.469Z,120.017,871022592,871608320,0,13418995712,0,0.54
2026-08-28T11:02:51.466Z,130.014,871608320,872919040,0,13419782144,0,0.54
2026-08-28T11:03:01.466Z,140.014,872833024,873816064,0,13413621760,0,0.53
2026-08-28T11:03:11.466Z,150.014,870350848,873816064,0,13408858112,0,0.53
2026-08-28T11:03:21.465Z,160.013,870461440,873816064,0,13417701376,0,0.52
2026-08-28T11:03:31.465Z,170.013,871419904,873816064,0,13428011008,0,0.52
2026-08-28T11:03:41.465Z,180.013,872570880,874270720,0,13412814848,0,0.52
2026-08-28T11:03:51.466Z,190.014,873500672,874643456,0,13405855744,0,0.44
2026-08-28T11:04:01.468Z,200.016,874618880,875679744,0,13415284736,0,0.44
2026-08-28T11:04:11.468Z,210.016,875659264,877236224,0,13408681984,0,0.53
2026-08-28T11:04:21.461Z,220.009,872693760,877236224,0,13419663360,0,0.45
2026-08-28T11:04:31.462Z,230.01,873607168,877236224,0,13416423424,0,0.38
2026-08-28T11:04:41.464Z,240.012,874586112,877236224,0,13419577344,0,0.48
2026-08-28T11:04:51.464Z,250.012,874520576,877514752,0,13405478912,0,0.49
2026-08-28T11:05:01.464Z,260.012,876285952,878342144,0,13399568384,0,0.65
2026-08-28T11:05:11.464Z,270.012,877408256,879382528,0,13396660224,0,0.55
2026-08-28T11:05:21.464Z,280.012,877895680,879763456,0,13394792448,0,0.47
2026-08-28T11:05:31.464Z,290.012,878833664,879763456,0,13406027776,0,0.39
2026-08-28T11:05:41.464Z,300.012,879476736,881451008,0,13413773312,0,0.41
2026-08-28T11:05:51.464Z,310.012,880467968,882413568,0,13412532224,0,0.42
2026-08-28T11:06:01.465Z,320.013,881123328,883007488,0,13400010752,0,0.35
2026-08-28T11:06:11.465Z,330.013,881340416,883228672,0,13365710848,0,0.3
2026-08-28T11:06:21.465Z,340.013,882257920,884240384,0,13368483840,0,0.33
2026-08-28T11:06:31.466Z,350.014,883064832,885084160,0,13365911552,0,0.35
2026-08-28T11:06:41.468Z,360.016,884092928,885948416,0,13363978240,0,0.37
2026-08-28T11:06:51.468Z,370.016,884662272,886472704,0,13378445312,0,0.39
2026-08-28T11:07:01.468Z,380.016,884424704,886837248,0,13382316032,0,0.4
2026-08-28T11:07:11.468Z,390.016,884625408,886837248,0,13381971968,0,0.41
2026-08-28T11:07:21.468Z,400.016,885616640,887406592,0,13373407232,0,0.35
2026-08-28T11:07:31.468Z,410.016,886165504,887873536,0,13368352768,0,0.29
2026-08-28T11:07:41.469Z,420.017,887435264,889102336,0,13377085440,0,0.32
2026-08-28T11:07:51.468Z,430.016,887844864,889720832,0,13377519616,0,0.27
2026-08-28T11:08:01.469Z,440.017,888291328,890126336,0,13386375168,0,0.23
2026-08-28T11:08:11.468Z,450.016,888881152,890916864,0,13376040960,0,0.19
2026-08-28T11:08:21.468Z,460.016,889647104,892121088,0,13379600384,0,0.16
2026-08-28T11:08:31.468Z,470.016,890494976,892612608,0,13381505024,0,0.22
2026-08-28T11:08:41.468Z,480.016,891047936,893259776,0,13377400832,0,0.18
2026-08-28T11:08:51.469Z,490.017,892043264,894058496,0,13372604416,0,0.16
2026-08-28T11:09:01.469Z,500.017,888934400,894058496,0,13380227072,0,0.29
2026-08-28T11:09:11.468Z,510.016,889638912,894058496,0,13351202816,0,0.32
2026-08-28T11:09:21.468Z,520.016,891236352,894058496,0,13366460416,0,0.35
2026-08-28T11:09:31.468Z,530.016,890994688,894058496,0,13381009408,0,0.37
2026-08-28T11:09:41.468Z,540.016,890261504,894058496,0,13381300224,0,0.31
2026-08-28T11:09:51.468Z,550.016,891879424,894451712,0,13370281984,0,0.34
2026-08-28T11:10:01.468Z,560.016,891170816,894480384,0,13367951360,0,0.37
2026-08-28T11:10:11.468Z,570.016,893607936,895631360,0,13354131456,0,0.31
2026-08-28T11:10:21.468Z,580.016,894275584,896327680,0,13350834176,0,0.26
2026-08-28T11:10:31.468Z,590.016,894820352,896692224,0,13359861760,0,0.3
2026-08-28T11:10:41.468Z,600.016,895541248,897044480,0,13369503744,0,0.34
2026-08-28T11:10:51.469Z,610.017,895041536,898158592,0,13378703360,0,0.44
2026-08-28T11:11:01.469Z,620.017,897056768,898977792,0,13370949632,0,0.45
2026-08-28T11:11:11.469Z,630.017,897011712,899137536,0,13371584512,0,0.38
2026-08-28T11:11:21.469Z,640.017,897413120,899854336,0,13353852928,0,0.4
2026-08-28T11:11:31.469Z,650.017,897720320,899854336,0,13348532224,0,0.41
2026-08-28T11:11:41.469Z,660.017,898125824,900587520,0,13348306944,0,0.43
2026-08-28T11:11:51.469Z,670.017,898506752,900915200,0,13344526336,0,0.52
2026-08-28T11:12:01.469Z,680.017,898240512,901513216,0,13365436416,0,0.51
2026-08-28T11:12:11.469Z,690.017,899461120,901513216,0,13362483200,0,0.43
2026-08-28T11:12:21.469Z,700.017,899522560,901586944,0,13368889344,0,0.44
2026-08-28T11:12:31.469Z,710.017,899407872,901586944,0,13369425920,0,0.77
2026-08-28T11:12:41.469Z,720.017,899264512,901586944,0,13375361024,0,0.65
2026-08-28T11:12:51.469Z,730.017,899338240,901750784,0,13374320640,0,0.55
2026-08-28T11:13:01.469Z,740.017,899563520,901967872,0,13374124032,0,0.47
2026-08-28T11:13:11.469Z,750.017,899747840,901967872,0,13372420096,0,0.39
2026-08-28T11:13:21.469Z,760.017,895934464,901967872,0,13373050880,0,0.33
2026-08-28T11:13:31.470Z,770.018,896053248,901967872,0,13369958400,0,0.36
2026-08-28T11:13:41.470Z,780.018,896167936,901967872,0,13362520064,0,0.38
2026-08-28T11:13:51.470Z,790.018,892465152,901967872,0,13381935104,0,0.39
2026-08-28T11:14:01.470Z,800.018,892989440,901967872,0,13373599744,0,0.49
2026-08-28T11:14:11.470Z,810.018,893280256,901967872,0,13367242752,0,0.57
2026-08-28T11:14:21.470Z,820.018,893775872,901967872,0,13375995904,0,0.63
2026-08-28T11:14:31.470Z,830.018,885940224,901967872,0,13398618112,0,0.54
2026-08-28T11:14:41.470Z,840.018,885968896,901967872,0,13398532096,0,0.53
2026-08-28T11:14:51.470Z,850.018,886038528,901967872,0,13402550272,0,0.45
2026-08-28T11:15:01.471Z,860.019,885723136,901967872,0,13399633920,0,0.46
2026-08-28T11:15:11.473Z,870.021,887078912,901967872,0,13391462400,0,0.46
2026-08-28T11:15:21.471Z,880.019,887169024,901967872,0,13379985408,0,0.46
2026-08-28T11:15:31.472Z,890.02,888086528,901967872,0,13375406080,0,0.39
2026-08-28T11:15:41.472Z,900.02,888307712,901967872,0,13386129408,0,0.33
2026-08-28T11:15:51.474Z,910.022,888459264,901967872,0,13393129472,0,0.28
2026-08-28T11:16:01.474Z,920.022,888381440,901967872,0,13400055808,0,0.38
2026-08-28T11:16:11.474Z,930.022,888320000,901967872,0,13397037056,0,0.32
2026-08-28T11:16:21.474Z,940.022,888221696,901967872,0,13398388736,0,0.43
2026-08-28T11:16:31.474Z,950.022,888320000,901967872,0,13399392256,0,0.44
2026-08-28T11:16:41.474Z,960.022,888180736,901967872,0,13393240064,0,0.37
2026-08-28T11:16:51.474Z,970.022,888000512,901967872,0,13396512768,0,0.39
2026-08-28T11:17:01.474Z,980.022,888279040,901967872,0,13400186880,0,0.48
2026-08-28T11:17:11.474Z,990.022,888295424,901967872,0,13403103232,0,0.41
2026-08-28T11:17:21.474Z,1000.022,888373248,901967872,0,13398339584,0,0.43
2026-08-28T11:17:31.474Z,1010.022,888389632,901967872,0,13387186176,0,0.6
2026-08-28T11:17:41.474Z,1020.022,888655872,901967872,0,13389107200,0,0.58
2026-08-28T11:17:51.474Z,1030.022,888557568,901967872,0,13388304384,0,0.49
2026-08-28T11:18:01.474Z,1040.022,888569856,901967872,0,13397110784,0,0.42
2026-08-28T11:18:11.474Z,1050.022,888938496,901967872,0,13400203264,0,0.43
2026-08-28T11:18:21.473Z,1060.021,888844288,901967872,0,13395902464,0,0.37
2026-08-28T11:18:31.474Z,1070.022,889151488,901967872,0,13397258240,0,0.39
2026-08-28T11:18:41.474Z,1080.022,889364480,901967872,0,13400862720,0,0.33
2026-08-28T11:18:51.475Z,1090.023,888266752,901967872,0,13398712320,0,0.36
2026-08-28T11:19:01.474Z,1100.022,889380864,901967872,0,13401853952,0,0.46
2026-08-28T11:19:11.475Z,1110.023,889368576,901967872,0,13405581312,0,0.39
2026-08-28T11:19:21.474Z,1120.022,889315328,901967872,0,13398421504,0,0.33
2026-08-28T11:19:31.475Z,1130.023,889303040,901967872,0,13396856832,0,0.35
2026-08-28T11:19:41.474Z,1140.022,889364480,901967872,0,13394915328,0,0.37
2026-08-28T11:19:51.474Z,1150.022,889217024,901967872,0,13397266432,0,0.72
2026-08-28T11:20:01.475Z,1160.023,889122816,901967872,0,13389197312,0,0.61
2026-08-28T11:20:11.475Z,1170.023,890130432,901967872,0,13397020672,0,0.59
2026-08-28T11:20:21.475Z,1180.023,890179584,901967872,0,13398802432,0,0.58
2026-08-28T11:20:31.474Z,1190.022,891260928,901967872,0,13394583552,0,0.49
2026-08-28T11:20:41.475Z,1200.023,891150336,901967872,0,13375389696,0,0.57
2026-08-28T11:20:51.475Z,1210.023,891281408,901967872,0,13376012288,0,0.56
2026-08-28T11:21:01.475Z,1220.023,891736064,901967872,0,13378084864,0,0.55
2026-08-28T11:21:11.475Z,1230.023,891645952,901967872,0,13361586176,0,0.46
2026-08-28T11:21:21.476Z,1240.024,892125184,901967872,0,13369544704,0,0.47
2026-08-28T11:21:31.480Z,1250.028,892145664,901967872,0,13375512576,0,0.48
2026-08-28T11:21:41.479Z,1260.027,891998208,901967872,0,13365747712,0,0.48
2026-08-28T11:21:51.479Z,1270.027,888856576,901967872,0,13379985408,0,0.48
2026-08-28T11:22:01.479Z,1280.027,888528896,901967872,0,13388484608,0,0.56
2026-08-28T11:22:11.479Z,1290.027,888664064,901967872,0,13394546688,0,0.47
2026-08-28T11:22:21.480Z,1300.028,888639488,901967872,0,13402054656,0,0.56
2026-08-28T11:22:31.479Z,1310.027,888238080,901967872,0,13401141248,0,0.47
2026-08-28T11:22:41.479Z,1320.027,888315904,901967872,0,13409935360,0,0.4
2026-08-28T11:22:51.479Z,1330.027,888918016,901967872,0,13406621696,0,0.34
2026-08-28T11:23:01.479Z,1340.027,888668160,901967872,0,13408681984,0,0.29
2026-08-28T11:23:11.479Z,1350.027,887734272,901967872,0,13409607680,0,0.24
2026-08-28T11:23:21.480Z,1360.028,888442880,901967872,0,13394821120,0,0.2
2026-08-28T11:23:31.479Z,1370.027,889450496,901967872,0,13395779584,0,0.17
2026-08-28T11:23:41.480Z,1380.028,885252096,901967872,0,13404712960,0,0.23
2026-08-28T11:23:51.479Z,1390.027,885100544,901967872,0,13415804928,0,0.19
2026-08-28T11:24:01.479Z,1400.027,885579776,901967872,0,13407612928,0,0.16
2026-08-28T11:24:11.480Z,1410.028,886366208,901967872,0,13407305728,0,0.22
2026-08-28T11:24:21.480Z,1420.028,886046720,901967872,0,13400010752,0,0.34
2026-08-28T11:24:31.480Z,1430.028,886501376,901967872,0,13403541504,0,0.28
2026-08-28T11:24:41.480Z,1440.028,886456320,901967872,0,13399543808,0,0.24
2026-08-28T11:24:51.480Z,1450.028,886398976,901967872,0,13380161536,0,0.28
2026-08-28T11:25:01.480Z,1460.028,886898688,901967872,0,13383884800,0,0.23
2026-08-28T11:25:11.480Z,1470.028,886980608,901967872,0,13376110592,0,0.35
2026-08-28T11:25:21.480Z,1480.028,887480320,901967872,0,13369290752,0,0.29
2026-08-28T11:25:31.480Z,1490.028,887537664,901967872,0,13380526080,0,0.32
2026-08-28T11:25:41.480Z,1500.028,887480320,901967872,0,13381419008,0,0.35
2026-08-28T11:25:51.481Z,1510.029,887627776,901967872,0,13381984256,0,0.45
2026-08-28T11:26:01.480Z,1520.028,888328192,901967872,0,13365039104,0,0.46
2026-08-28T11:26:11.480Z,1530.028,888299520,901967872,0,13373784064,0,0.39
2026-08-28T11:26:21.481Z,1540.029,888307712,901967872,0,13368471552,0,0.48
2026-08-28T11:26:31.480Z,1550.028,888676352,901967872,0,13370609664,0,0.57
2026-08-28T11:26:41.480Z,1560.028,880422912,901967872,0,13381959680,0,0.55
2026-08-28T11:26:51.480Z,1570.028,880373760,901967872,0,13378506752,0,0.62
2026-08-28T11:27:01.479Z,1580.027,880885760,901967872,0,13368414208,0,0.6
2026-08-28T11:27:11.480Z,1590.028,881618944,901967872,0,13362212864,0,0.51
2026-08-28T11:27:21.480Z,1600.028,881594368,901967872,0,13369012224,0,0.66
2026-08-28T11:27:31.480Z,1610.028,878202880,901967872,0,13363412992,0,0.72
2026-08-28T11:27:41.480Z,1620.028,878391296,901967872,0,13365841920,0,0.84
2026-08-28T11:27:51.481Z,1630.029,879083520,901967872,0,13366992896,0,0.79
2026-08-28T11:28:01.479Z,1640.027,880123904,901967872,0,13364764672,0,0.9
2026-08-28T11:28:11.480Z,1650.028,880492544,901967872,0,13356470272,0,0.76
2026-08-28T11:28:21.480Z,1660.028,880754688,901967872,0,13365264384,0,0.8
2026-08-28T11:28:31.480Z,1670.028,881242112,901967872,0,13365981184,0,0.83
2026-08-28T11:28:41.480Z,1680.028,881553408,901967872,0,13365907456,0,0.78
2026-08-28T11:28:51.480Z,1690.028,881913856,901967872,0,13353607168,0,0.74
2026-08-28T11:29:01.480Z,1700.028,881750016,901967872,0,13363499008,0,0.62
2026-08-28T11:29:11.480Z,1710.028,882565120,901967872,0,13366894592,0,0.6
2026-08-28T11:29:21.480Z,1720.028,883220480,901967872,0,13351657472,0,0.59
2026-08-28T11:29:31.480Z,1730.028,883552256,901967872,0,13361639424,0,0.57
2026-08-28T11:29:41.480Z,1740.028,884047872,901967872,0,13354811392,0,0.48
2026-08-28T11:29:51.480Z,1750.028,884408320,901967872,0,13364035584,0,0.41
2026-08-28T11:30:01.480Z,1760.028,883335168,901967872,0,13360267264,0,0.43
2026-08-28T11:30:11.480Z,1770.028,884424704,901967872,0,13364150272,0,0.36
2026-08-28T11:30:21.480Z,1780.028,884719616,901967872,0,13355220992,0,0.38
2026-08-28T11:30:31.480Z,1790.028,884396032,901967872,0,13365571584,0,0.39
2026-08-28T11:30:41.480Z,1800.028,880648192,901967872,0,13362835456,0,0.49
2026-08-28T11:30:51.481Z,1810.029,880504832,901967872,0,13384114176,0,0.57
2026-08-28T11:31:01.481Z,1820.029,880914432,901967872,0,13383487488,0,0.48
2026-08-28T11:31:11.481Z,1830.029,880799744,901967872,0,13388513280,0,0.57
2026-08-28T11:31:21.481Z,1840.029,881262592,901967872,0,13369450496,0,0.72
2026-08-28T11:31:31.481Z,1850.029,881348608,901967872,0,13380210688,0,0.69
2026-08-28T11:31:41.481Z,1860.029,881315840,901967872,0,13390540800,0,0.66
2026-08-28T11:31:51.481Z,1870.029,881524736,901967872,0,13392035840,0,0.56
2026-08-28T11:32:01.481Z,1880.029,877305856,901967872,0,13379272704,0,0.55
2026-08-28T11:32:11.481Z,1890.029,878297088,901967872,0,13375414272,0,0.47
2026-08-28T11:32:21.481Z,1900.029,878616576,901967872,0,13388681216,0,0.39
2026-08-28T11:32:31.481Z,1910.029,875372544,901967872,0,13378371584,0,0.41
2026-08-28T11:32:41.481Z,1920.029,875577344,901967872,0,13377286144,0,0.58
2026-08-28T11:32:51.481Z,1930.029,875495424,901967872,0,13381681152,0,0.57
2026-08-28T11:33:01.481Z,1940.029,875405312,901967872,0,13377024000,0,0.48
2026-08-28T11:33:11.482Z,1950.03,870502400,901967872,0,13390675968,0,0.41
2026-08-28T11:33:21.482Z,1960.03,872132608,901967872,0,13380067328,0,0.34
2026-08-28T11:33:31.482Z,1970.03,871981056,901967872,0,13388464128,0,0.29
2026-08-28T11:33:41.482Z,1980.03,872464384,901967872,0,13387792384,0,0.32
2026-08-28T11:33:51.482Z,1990.03,873349120,901967872,0,13379153920,0,0.35
2026-08-28T11:34:01.482Z,2000.03,874614784,901967872,0,13379575808,0,0.38
2026-08-28T11:34:11.482Z,2010.03,875130880,901967872,0,13391425536,0,0.39
2026-08-28T11:34:21.482Z,2020.03,875319296,901967872,0,13398245376,0,0.41
2026-08-28T11:34:31.482Z,2030.03,875991040,901967872,0,13377425408,0,0.35
2026-08-28T11:34:41.482Z,2040.03,876740608,901967872,0,13378985984,0,0.45
2026-08-28T11:34:51.482Z,2050.03,875552768,901967872,0,13376270336,0,0.38
2026-08-28T11:35:01.483Z,2060.031,876306432,901967872,0,13370642432,0,0.39
2026-08-28T11:35:11.483Z,2070.031,875352064,901967872,0,13370150912,0,0.49
2026-08-28T11:35:21.483Z,2080.031,877084672,901967872,0,13346799616,0,0.57
2026-08-28T11:35:31.483Z,2090.031,877191168,901967872,0,13369896960,0,0.56
2026-08-28T11:35:41.483Z,2100.031,877301760,901967872,0,13379305472,0,0.55
2026-08-28T11:35:51.483Z,2110.031,877862912,901967872,0,13380784128,0,0.54
2026-08-28T11:36:01.483Z,2120.031,878026752,901967872,0,13357490176,0,0.54
2026-08-28T11:36:11.484Z,2130.032,878149632,901967872,0,13369724928,0,0.46
2026-08-28T11:36:21.484Z,2140.032,879095808,901967872,0,13360848896,0,0.54
2026-08-28T11:36:31.485Z,2150.033,878665728,901967872,0,13363191808,0,0.46
2026-08-28T11:36:41.484Z,2160.032,879251456,901967872,0,13358452736,0,0.47
2026-08-28T11:36:51.484Z,2170.032,879312896,901967872,0,13389877248,0,0.39
2026-08-28T11:37:01.484Z,2180.032,880013312,901967872,0,13386125312,0,0.41
2026-08-28T11:37:11.484Z,2190.032,880005120,901967872,0,13393522688,0,0.35
2026-08-28T11:37:21.484Z,2200.032,881803264,901967872,0,13396074496,0,0.38
2026-08-28T11:37:31.485Z,2210.033,881840128,901967872,0,13390258176,0,0.39
2026-08-28T11:37:41.484Z,2220.032,882040832,901967872,0,13392384000,0,0.41
2026-08-28T11:37:51.484Z,2230.032,882270208,901967872,0,13391237120,0,0.34
2026-08-28T11:38:01.484Z,2240.032,883068928,901967872,0,13391855616,0,0.29
2026-08-28T11:38:11.484Z,2250.032,883638272,901967872,0,13381836800,0,0.33
2026-08-28T11:38:21.484Z,2260.032,883896320,901967872,0,13381226496,0,0.27
2026-08-28T11:38:31.484Z,2270.032,883736576,901967872,0,13391978496,0,0.47
2026-08-28T11:38:41.484Z,2280.032,883646464,901967872,0,13386514432,0,0.55
2026-08-28T11:38:51.484Z,2290.032,883523584,901967872,0,13372862464,0,0.61
2026-08-28T11:39:01.484Z,2300.032,883646464,901967872,0,13346312192,0,0.75
2026-08-28T11:39:11.484Z,2310.032,883568640,901967872,0,13362135040,0,0.71
2026-08-28T11:39:21.484Z,2320.032,883568640,901967872,0,13374435328,0,0.68
2026-08-28T11:39:31.483Z,2330.031,883425280,901967872,0,13390082048,0,0.65
2026-08-28T11:39:41.484Z,2340.032,884973568,901967872,0,13390712832,0,0.55
2026-08-28T11:39:51.484Z,2350.032,885121024,901967872,0,13377536000,0,0.54
2026-08-28T11:40:01.484Z,2360.032,885219328,901967872,0,13360078848,0,0.54
2026-08-28T11:40:11.483Z,2370.031,885862400,901967872,0,13357096960,0,0.53
2026-08-28T11:40:21.485Z,2380.033,885571584,901967872,0,13363163136,0,0.53
2026-08-28T11:40:31.484Z,2390.032,885469184,901967872,0,13376741376,0,0.45
2026-08-28T11:40:41.484Z,2400.032,885538816,901967872,0,13380132864,0,0.38
2026-08-28T11:40:51.483Z,2410.031,885587968,901967872,0,13359415296,0,0.4
2026-08-28T11:41:01.484Z,2420.032,885567488,901967872,0,13359824896,0,0.49
2026-08-28T11:41:11.484Z,2430.032,886218752,901967872,0,13358383104,0,0.5
2026-08-28T11:41:21.484Z,2440.032,886972416,901967872,0,13347307520,0,0.58
2026-08-28T11:41:31.484Z,2450.032,887083008,901967872,0,13347373056,0,0.57
2026-08-28T11:41:41.484Z,2460.032,887881728,901967872,0,13352615936,0,0.48
2026-08-28T11:41:51.484Z,2470.032,888373248,901967872,0,13353103360,0,0.41
2026-08-28T11:42:01.484Z,2480.032,888406016,901967872,0,13350100992,0,0.42
2026-08-28T11:42:11.484Z,2490.032,888516608,901967872,0,13372674048,0,0.35
2026-08-28T11:42:21.484Z,2500.032,888508416,901967872,0,13381242880,0,0.45
2026-08-28T11:42:31.484Z,2510.032,888410112,901967872,0,13383995392,0,0.46
2026-08-28T11:42:41.484Z,2520.032,888598528,901967872,0,13377171456,0,0.39
2026-08-28T11:42:51.484Z,2530.032,887775232,901967872,0,13370408960,0,0.33
2026-08-28T11:43:01.484Z,2540.032,889118720,901967872,0,13371097088,0,0.51
2026-08-28T11:43:11.485Z,2550.033,889184256,901967872,0,13369618432,0,0.43
2026-08-28T11:43:21.485Z,2560.033,888901632,901967872,0,13379010560,0,0.37
2026-08-28T11:43:31.485Z,2570.033,889630720,901967872,0,13379735552,0,0.38
2026-08-28T11:43:41.485Z,2580.033,889524224,901967872,0,13375778816,0,0.48
2026-08-28T11:43:51.485Z,2590.033,889790464,901967872,0,13372633088,0,0.56
2026-08-28T11:44:01.485Z,2600.033,889405440,901967872,0,13379031040,0,0.63
2026-08-28T11:44:11.485Z,2610.033,890003456,901967872,0,13371498496,0,0.6
2026-08-28T11:44:21.485Z,2620.033,889630720,901967872,0,13375770624,0,0.59
2026-08-28T11:44:31.485Z,2630.033,889774080,901967872,0,13390127104,0,0.57
2026-08-28T11:44:41.485Z,2640.033,889847808,901967872,0,13392343040,0,0.57
2026-08-28T11:44:51.485Z,2650.033,889872384,901967872,0,13385539584,0,0.48
2026-08-28T11:45:01.485Z,2660.033,890019840,901967872,0,13372329984,0,0.48
2026-08-28T11:45:11.485Z,2670.033,890138624,901967872,0,13355368448,0,0.48
2026-08-28T11:45:21.486Z,2680.034,889229312,901967872,0,13384593408,0,0.56
2026-08-28T11:45:31.486Z,2690.034,890855424,901967872,0,13376655360,0,0.56
2026-08-28T11:45:41.486Z,2700.034,890904576,901967872,0,13349502976,0,0.95
2026-08-28T11:45:51.486Z,2710.034,890929152,901967872,0,13356908544,0,0.87
2026-08-28T11:46:01.486Z,2720.034,890081280,901967872,0,13353558016,0,0.74
2026-08-28T11:46:11.487Z,2730.035,891142144,901967872,0,13361897472,0,0.78
2026-08-28T11:46:21.487Z,2740.035,891293696,901967872,0,13361111040,0,0.66
2026-08-28T11:46:31.487Z,2750.035,891330560,901967872,0,13346791424,0,0.63
2026-08-28T11:46:41.487Z,2760.035,891310080,901967872,0,13345337344,0,0.93
2026-08-28T11:46:51.487Z,2770.035,891686912,901967872,0,13360553984,0,0.79
2026-08-28T11:47:01.487Z,2780.035,891662336,901967872,0,13380616192,0,0.66
2026-08-28T11:47:11.487Z,2790.035,891748352,901967872,0,13377024000,0,0.64
2026-08-28T11:47:21.487Z,2800.035,891777024,901967872,0,13375479808,0,0.62
2026-08-28T11:47:31.487Z,2810.035,892125184,901967872,0,13381566464,0,0.52
2026-08-28T11:47:41.487Z,2820.035,891461632,901967872,0,13370159104,0,0.52
2026-08-28T11:47:51.487Z,2830.035,891600896,901967872,0,13369933824,0,0.52
2026-08-28T11:48:01.487Z,2840.035,891609088,901967872,0,13371682816,0,0.52
2026-08-28T11:48:11.487Z,2850.035,892002304,901967872,0,13370662912,0,0.51
2026-08-28T11:48:21.487Z,2860.035,892178432,901967872,0,13373792256,0,0.43
2026-08-28T11:48:31.488Z,2870.036,891719680,901967872,0,13372141568,0,0.37
2026-08-28T11:48:41.488Z,2880.036,891817984,901967872,0,13370310656,0,0.31
2026-08-28T11:48:51.489Z,2890.036,891875328,901967872,0,13377953792,0,0.26
2026-08-28T11:49:01.489Z,2900.037,892129280,901967872,0,13379813376,0,0.3
2026-08-28T11:49:11.489Z,2910.037,892907520,901967872,0,13371572224,0,0.56
2026-08-28T11:49:21.489Z,2920.037,892993536,901967872,0,13378109440,0,0.7
2026-08-28T11:49:31.489Z,2930.037,893759488,901967872,0,13371977728,0,0.68
2026-08-28T11:49:41.489Z,2940.037,894349312,901967872,0,13379706880,0,0.57
2026-08-28T11:49:51.489Z,2950.037,894185472,901967872,0,13363814400,0,0.48
2026-08-28T11:50:01.489Z,2960.037,893833216,901967872,0,13371551744,0,0.56
2026-08-28T11:50:11.489Z,2970.037,893984768,901967872,0,13376724992,0,0.48
2026-08-28T11:50:21.489Z,2980.037,894074880,901967872,0,13374943232,0,0.56
2026-08-28T11:50:31.489Z,2990.037,893968384,901967872,0,13360410624,0,0.47
2026-08-28T11:50:41.489Z,3000.037,893997056,901967872,0,13375778816,0,0.48
2026-08-28T11:50:51.489Z,3010.037,894029824,901967872,0,13374410752,0,0.7
2026-08-28T11:51:01.489Z,3020.037,894095360,901967872,0,13372682240,0,0.67
2026-08-28T11:51:11.489Z,3030.037,894545920,901967872,0,13362515968,0,0.64
2026-08-28T11:51:21.489Z,3040.037,894504960,901967872,0,13368168448,0,0.54
2026-08-28T11:51:31.490Z,3050.038,893702144,901967872,0,13372403712,0,0.46
2026-08-28T11:51:41.490Z,3060.038,894672896,901967872,0,13363974144,0,0.39
2026-08-28T11:51:51.490Z,3070.038,894652416,901967872,0,13368922112,0,0.41
2026-08-28T11:52:01.490Z,3080.038,894779392,901967872,0,13378473984,0,0.35
2026-08-28T11:52:11.490Z,3090.038,894902272,901967872,0,13354848256,0,0.37
2026-08-28T11:52:21.490Z,3100.038,895107072,901967872,0,13353398272,0,0.47
2026-08-28T11:52:31.490Z,3110.038,895123456,901967872,0,13372899328,0,0.48
2026-08-28T11:52:41.490Z,3120.038,895389696,901967872,0,13368578048,0,0.49
2026-08-28T11:52:51.490Z,3130.038,895995904,901967872,0,13360443392,0,0.49
2026-08-28T11:53:01.490Z,3140.038,896012288,901967872,0,13363978240,0,0.97
2026-08-28T11:53:11.490Z,3150.038,896045056,901967872,0,13377396736,0,0.9
2026-08-28T11:53:21.491Z,3160.039,896176128,901967872,0,13358354432,0,0.76
2026-08-28T11:53:31.491Z,3170.039,896503808,901967872,0,13349740544,0,0.65
2026-08-28T11:53:41.491Z,3180.039,897122304,901967872,0,13344055296,0,0.63
2026-08-28T11:53:51.491Z,3190.039,897175552,901967872,0,13342175232,0,0.6
2026-08-28T11:54:01.491Z,3200.039,897523712,901967872,0,13346443264,0,0.59
2026-08-28T11:54:11.491Z,3210.039,897474560,901967872,0,13365702656,0,0.65
2026-08-28T11:54:21.491Z,3220.039,897896448,901967872,0,13385744384,0,0.62
2026-08-28T11:54:31.491Z,3230.039,898314240,901967872,0,13381931008,0,0.61
2026-08-28T11:54:41.491Z,3240.039,898011136,901967872,0,13387493376,0,0.59
2026-08-28T11:54:51.491Z,3250.039,898093056,901967872,0,13390589952,0,0.5
2026-08-28T11:55:01.491Z,3260.039,898097152,901967872,0,13374783488,0,0.42
2026-08-28T11:55:11.491Z,3270.039,897155072,901967872,0,13360041984,0,0.36
2026-08-28T11:55:21.491Z,3280.039,898387968,901967872,0,13362651136,0,0.38
2026-08-28T11:55:31.492Z,3290.04,898998272,901967872,0,13365215232,0,0.32
2026-08-28T11:55:41.492Z,3300.04,898973696,901967872,0,13372477440,0,0.35
2026-08-28T11:55:51.493Z,3310.041,899227648,901967872,0,13366493184,0,0.3
2026-08-28T11:56:01.493Z,3320.041,899194880,901967872,0,13372862464,0,0.33
2026-08-28T11:56:11.493Z,3330.041,899112960,901967872,0,13362147328,0,0.35
2026-08-28T11:56:21.493Z,3340.041,899346432,901967872,0,13361127424,0,0.38
2026-08-28T11:56:31.493Z,3350.041,899305472,901967872,0,13354717184,0,0.4
2026-08-28T11:56:41.494Z,3360.042,899424256,901967872,0,13346455552,0,0.42
2026-08-28T11:56:51.493Z,3370.041,899600384,901967872,0,13355659264,0,0.43
2026-08-28T11:57:01.493Z,3380.041,898695168,901967872,0,13362356224,0,0.36
2026-08-28T11:57:11.493Z,3390.041,899756032,901967872,0,13353185280,0,0.39
2026-08-28T11:57:21.493Z,3400.041,898985984,901967872,0,13357658112,0,0.4
2026-08-28T11:57:31.494Z,3410.042,899940352,901967872,0,13359554560,0,0.42
2026-08-28T11:57:41.493Z,3420.041,899903488,901967872,0,13360463872,0,0.58
2026-08-28T11:57:51.492Z,3430.04,900042752,902029312,0,13365313536,0,0.49
2026-08-28T11:58:01.493Z,3440.041,900014080,902139904,0,13353349120,0,0.42
2026-08-28T11:58:11.493Z,3450.041,900141056,902139904,0,13367398400,0,0.43
2026-08-28T11:58:21.493Z,3460.041,900091904,902139904,0,13351948288,0,0.36
2026-08-28T11:58:31.493Z,3470.041,900063232,902139904,0,13335293952,0,0.39
2026-08-28T11:58:41.493Z,3480.041,900485120,902598656,0,13339070464,0,0.33
2026-08-28T11:58:51.493Z,3490.041,899522560,902598656,0,13363425280,0,0.28
2026-08-28T11:59:01.493Z,3500.041,900493312,902795264,0,13364072448,0,0.39
2026-08-28T11:59:11.493Z,3510.041,900550656,902795264,0,13350576128,0,0.81
2026-08-28T11:59:21.493Z,3520.041,900669440,902795264,0,13367676928,0,0.77
2026-08-28T11:59:31.493Z,3530.041,899747840,902795264,0,13379379200,0,0.65
2026-08-28T11:59:41.493Z,3540.041,900681728,902795264,0,13381488640,0,0.62
2026-08-28T11:59:51.493Z,3550.041,900857856,902795264,0,13366714368,0,0.53
2026-08-28T12:00:01.494Z,3560.042,899997696,902795264,0,13382397952,0,0.44
2026-08-28T12:00:11.495Z,3570.043,900890624,903233536,0,13389627392,0,0.38
2026-08-28T12:00:21.493Z,3580.041,901107712,903233536,0,13393137664,0,0.47
2026-08-28T12:00:31.494Z,3590.042,901140480,903311360,0,13380861952,0,0.4
2026-08-28T12:00:41.494Z,3600.042,901165056,903311360,0,13370339328,0,0.42
2026-08-28T12:00:51.494Z,3610.042,901320704,903311360,0,13363765248,0,0.43
2026-08-28T12:01:01.493Z,3620.041,901287936,903311360,0,13365698560,0,0.44
2026-08-28T12:01:11.494Z,3630.042,901292032,903311360,0,13362167808,0,0.37
2026-08-28T12:01:21.494Z,3640.042,901345280,903315456,0,13343080448,0,0.4
2026-08-28T12:01:31.495Z,3650.043,901316608,903315456,0,13340278784,0,0.41
2026-08-28T12:01:41.494Z,3660.042,900542464,903315456,0,13338071040,0,0.35
2026-08-28T12:01:51.494Z,3670.042,901562368,903372800,0,13349343232,0,0.37
2026-08-28T12:02:01.495Z,3680.043,900653056,903446528,0,13338497024,0,0.39
2026-08-28T12:02:11.495Z,3690.043,901586944,903446528,0,13330751488,0,0.33
2026-08-28T12:02:21.495Z,3700.043,900784128,903720960,0,13337923584,0,0.35
