mode,variant,sample_index,delivery_milliseconds
memory,long-polling,1,11.200000
memory,long-polling,2,9.500000
memory,long-polling,3,12.200000
memory,long-polling,4,6.900000
memory,long-polling,5,10.500000
memory,long-polling,6,10.300000
memory,long-polling,7,9.500000
memory,long-polling,8,10.300000
memory,long-polling,9,10.300000
memory,long-polling,10,10.300000
memory,long-polling,11,9.400000
memory,long-polling,12,10.500000
memory,long-polling,13,9.300000
memory,long-polling,14,11.000000
memory,long-polling,15,8.400000
memory,long-polling,16,10.800000
memory,long-polling,17,10.800000
memory,long-polling,18,9.600000
memory,long-polling,19,10.600000
memory,long-polling,20,9.400000
memory,long-polling,21,9.500000
memory,long-polling,22,11.000000
memory,long-polling,23,9.600000
memory,long-polling,24,9.700000
memory,long-polling,25,10.200000
memory,long-polling,26,10.300000
memory,long-polling,27,10.100000
memory,long-polling,28,9.800000
memory,long-polling,29,9.900000
memory,long-polling,30,8.600000
memory,long-polling,31,11.000000
memory,long-polling,32,9.600000
memory,long-polling,33,10.600000
memory,long-polling,34,9.500000
memory,long-polling,35,10.700000
memory,long-polling,36,9.700000
memory,long-polling,37,10.000000
memory,long-polling,38,9.400000
memory,long-polling,39,11.000000
memory,long-polling,40,9.900000
memory,long-polling,41,9.400000
memory,long-polling,42,9.700000
memory,long-polling,43,9.500000
memory,long-polling,44,11.100000
memory,long-polling,45,9.200000
memory,long-polling,46,10.600000
memory,long-polling,47,10.700000
memory,long-polling,48,8.700000
memory,long-polling,49,10.700000
memory,long-polling,50,9.700000
memory,long-polling,51,10.500000
memory,long-polling,52,10.100000
memory,long-polling,53,10.000000
memory,long-polling,54,9.900000
memory,long-polling,55,10.400000
memory,long-polling,56,8.700000
memory,long-polling,57,10.600000
memory,long-polling,58,10.500000
memory,long-polling,59,9.500000
memory,long-polling,60,10.500000
memory,long-polling,61,9.200000
memory,long-polling,62,9.800000
memory,long-polling,63,10.800000
memory,long-polling,64,9.900000
memory,long-polling,65,9.900000
memory,long-polling,66,9.900000
memory,long-polling,67,10.700000
memory,long-polling,68,9.400000
memory,long-polling,69,10.300000
memory,long-polling,70,9.600000
memory,long-polling,71,10.500000
memory,long-polling,72,9.200000
memory,long-polling,73,10.500000
memory,long-polling,74,9.600000
memory,long-polling,75,9.600000
memory,long-polling,76,10.700000
memory,long-polling,77,9.700000
memory,long-polling,78,10.100000
memory,long-polling,79,10.000000
memory,long-polling,80,9.900000
memory,long-polling,81,10.600000
memory,long-polling,82,9.800000
memory,long-polling,83,10.000000
memory,long-polling,84,10.300000
memory,long-polling,85,9.300000
memory,long-polling,86,10.300000
memory,long-polling,87,9.800000
memory,long-polling,88,10.900000
memory,long-polling,89,8.500000
memory,long-polling,90,11.000000
memory,long-polling,91,9.600000
memory,long-polling,92,11.600000
memory,long-polling,93,8.300000
memory,long-polling,94,9.200000
memory,long-polling,95,12.100000
memory,long-polling,96,8.400000
memory,long-polling,97,10.500000
memory,long-polling,98,9.800000
memory,long-polling,99,10.800000
memory,long-polling,100,9.500000
memory,streaming,1,10.000000
memory,streaming,2,9.400000
memory,streaming,3,10.600000
memory,streaming,4,9.800000
memory,streaming,5,8.600000
memory,streaming,6,12.500000
memory,streaming,7,8.400000
memory,streaming,8,11.100000
memory,streaming,9,9.900000
memory,streaming,10,9.100000
memory,streaming,11,10.700000
memory,streaming,12,9.900000
memory,streaming,13,9.800000
memory,streaming,14,8.900000
memory,streaming,15,11.000000
memory,streaming,16,9.900000
memory,streaming,17,9.900000
memory,streaming,18,10.000000
memory,streaming,19,11.200000
memory,streaming,20,8.800000
memory,streaming,21,10.300000
memory,streaming,22,9.800000
memory,streaming,23,10.400000
memory,streaming,24,10.300000
memory,streaming,25,10.200000
memory,streaming,26,8.800000
memory,streaming,27,9.700000
memory,streaming,28,11.400000
memory,streaming,29,10.000000
memory,streaming,30,9.000000
memory,streaming,31,10.300000
memory,streaming,32,10.100000
memory,streaming,33,10.100000
memory,streaming,34,10.400000
memory,streaming,35,9.200000
memory,streaming,36,10.400000
memory,streaming,37,9.300000
memory,streaming,38,10.700000
memory,streaming,39,10.200000
memory,streaming,40,9.500000
memory,streaming,41,10.600000
memory,streaming,42,9.100000
memory,streaming,43,10.400000
memory,streaming,44,10.200000
memory,streaming,45,9.500000
memory,streaming,46,10.400000
memory,streaming,47,10.700000
memory,streaming,48,9.000000
memory,streaming,49,10.400000
memory,streaming,50,9.100000
memory,streaming,51,11.400000
memory,streaming,52,10.300000
memory,streaming,53,9.000000
memory,streaming,54,10.400000
memory,streaming,55,9.300000
memory,streaming,56,10.900000
memory,streaming,57,9.200000
memory,streaming,58,10.300000
memory,streaming,59,10.400000
memory,streaming,60,9.400000
memory,streaming,61,10.600000
memory,streaming,62,9.300000
memory,streaming,63,10.500000
memory,streaming,64,10.400000
memory,streaming,65,9.400000
memory,streaming,66,9.700000
memory,streaming,67,10.800000
memory,streaming,68,8.300000
memory,streaming,69,10.900000
memory,streaming,70,10.200000
memory,streaming,71,10.000000
memory,streaming,72,10.300000
memory,streaming,73,9.800000
memory,streaming,74,9.900000
memory,streaming,75,10.500000
memory,streaming,76,10.300000
memory,streaming,77,9.200000
memory,streaming,78,10.600000
memory,streaming,79,9.200000
memory,streaming,80,9.900000
memory,streaming,81,10.600000
memory,streaming,82,9.100000
memory,streaming,83,10.600000
memory,streaming,84,10.400000
memory,streaming,85,10.300000
memory,streaming,86,9.100000
memory,streaming,87,10.500000
memory,streaming,88,9.300000
memory,streaming,89,10.600000
memory,streaming,90,10.400000
memory,streaming,91,9.100000
memory,streaming,92,10.200000
memory,streaming,93,10.200000
memory,streaming,94,10.400000
memory,streaming,95,10.900000
memory,streaming,96,9.000000
memory,streaming,97,10.300000
memory,streaming,98,9.300000
memory,streaming,99,10.300000
memory,streaming,100,9.600000
memory,buffering-proxy-auto-detection,1,8.000000
memory,buffering-proxy-auto-detection,2,11.200000
memory,buffering-proxy-auto-detection,3,10.600000
memory,buffering-proxy-auto-detection,4,10.300000
memory,buffering-proxy-auto-detection,5,9.000000
memory,buffering-proxy-auto-detection,6,10.300000
memory,buffering-proxy-auto-detection,7,10.500000
memory,buffering-proxy-auto-detection,8,10.200000
memory,buffering-proxy-auto-detection,9,9.100000
memory,buffering-proxy-auto-detection,10,10.500000
memory,buffering-proxy-auto-detection,11,9.300000
memory,buffering-proxy-auto-detection,12,10.400000
memory,buffering-proxy-auto-detection,13,10.700000
memory,buffering-proxy-auto-detection,14,9.400000
memory,buffering-proxy-auto-detection,15,10.600000
memory,buffering-proxy-auto-detection,16,9.700000
memory,buffering-proxy-auto-detection,17,9.300000
memory,buffering-proxy-auto-detection,18,9.700000
memory,buffering-proxy-auto-detection,19,10.900000
memory,buffering-proxy-auto-detection,20,9.800000
memory,buffering-proxy-auto-detection,21,10.900000
memory,buffering-proxy-auto-detection,22,8.800000
memory,buffering-proxy-auto-detection,23,10.900000
memory,buffering-proxy-auto-detection,24,9.300000
memory,buffering-proxy-auto-detection,25,10.800000
memory,buffering-proxy-auto-detection,26,9.500000
memory,buffering-proxy-auto-detection,27,9.700000
memory,buffering-proxy-auto-detection,28,10.700000
memory,buffering-proxy-auto-detection,29,8.100000
memory,buffering-proxy-auto-detection,30,12.200000
memory,buffering-proxy-auto-detection,31,9.700000
memory,buffering-proxy-auto-detection,32,10.000000
memory,buffering-proxy-auto-detection,33,9.400000
memory,buffering-proxy-auto-detection,34,9.800000
memory,buffering-proxy-auto-detection,35,10.700000
memory,buffering-proxy-auto-detection,36,9.400000
memory,buffering-proxy-auto-detection,37,9.500000
memory,buffering-proxy-auto-detection,38,11.100000
memory,buffering-proxy-auto-detection,39,9.600000
memory,buffering-proxy-auto-detection,40,9.600000
memory,buffering-proxy-auto-detection,41,10.500000
memory,buffering-proxy-auto-detection,42,10.600000
memory,buffering-proxy-auto-detection,43,9.600000
memory,buffering-proxy-auto-detection,44,9.900000
memory,buffering-proxy-auto-detection,45,9.000000
memory,buffering-proxy-auto-detection,46,10.800000
memory,buffering-proxy-auto-detection,47,10.000000
memory,buffering-proxy-auto-detection,48,10.600000
memory,buffering-proxy-auto-detection,49,9.800000
memory,buffering-proxy-auto-detection,50,9.900000
memory,buffering-proxy-auto-detection,51,9.500000
memory,buffering-proxy-auto-detection,52,8.800000
memory,buffering-proxy-auto-detection,53,10.200000
memory,buffering-proxy-auto-detection,54,12.300000
memory,buffering-proxy-auto-detection,55,8.200000
memory,buffering-proxy-auto-detection,56,11.500000
memory,buffering-proxy-auto-detection,57,9.600000
memory,buffering-proxy-auto-detection,58,9.500000
memory,buffering-proxy-auto-detection,59,10.200000
memory,buffering-proxy-auto-detection,60,9.700000
memory,buffering-proxy-auto-detection,61,10.300000
memory,buffering-proxy-auto-detection,62,8.600000
memory,buffering-proxy-auto-detection,63,11.100000
memory,buffering-proxy-auto-detection,64,8.800000
memory,buffering-proxy-auto-detection,65,10.700000
memory,buffering-proxy-auto-detection,66,11.200000
memory,buffering-proxy-auto-detection,67,9.600000
memory,buffering-proxy-auto-detection,68,10.500000
memory,buffering-proxy-auto-detection,69,8.900000
memory,buffering-proxy-auto-detection,70,10.900000
memory,buffering-proxy-auto-detection,71,9.300000
memory,buffering-proxy-auto-detection,72,10.800000
memory,buffering-proxy-auto-detection,73,9.200000
memory,buffering-proxy-auto-detection,74,10.700000
memory,buffering-proxy-auto-detection,75,9.300000
memory,buffering-proxy-auto-detection,76,10.800000
memory,buffering-proxy-auto-detection,77,9.500000
memory,buffering-proxy-auto-detection,78,10.100000
memory,buffering-proxy-auto-detection,79,9.600000
memory,buffering-proxy-auto-detection,80,9.300000
memory,buffering-proxy-auto-detection,81,10.900000
memory,buffering-proxy-auto-detection,82,9.500000
memory,buffering-proxy-auto-detection,83,10.100000
memory,buffering-proxy-auto-detection,84,10.600000
memory,buffering-proxy-auto-detection,85,8.500000
memory,buffering-proxy-auto-detection,86,11.800000
memory,buffering-proxy-auto-detection,87,9.700000
memory,buffering-proxy-auto-detection,88,9.500000
memory,buffering-proxy-auto-detection,89,11.000000
memory,buffering-proxy-auto-detection,90,9.600000
memory,buffering-proxy-auto-detection,91,8.600000
memory,buffering-proxy-auto-detection,92,11.900000
memory,buffering-proxy-auto-detection,93,9.800000
memory,buffering-proxy-auto-detection,94,9.700000
memory,buffering-proxy-auto-detection,95,9.500000
memory,buffering-proxy-auto-detection,96,9.800000
memory,buffering-proxy-auto-detection,97,11.000000
memory,buffering-proxy-auto-detection,98,9.900000
memory,buffering-proxy-auto-detection,99,9.800000
memory,buffering-proxy-auto-detection,100,10.300000
disk-wal,long-polling,1,15.300000
disk-wal,long-polling,2,17.800000
disk-wal,long-polling,3,16.900000
disk-wal,long-polling,4,17.200000
disk-wal,long-polling,5,16.900000
disk-wal,long-polling,6,17.900000
disk-wal,long-polling,7,16.000000
disk-wal,long-polling,8,18.500000
disk-wal,long-polling,9,17.200000
disk-wal,long-polling,10,17.600000
disk-wal,long-polling,11,17.100000
disk-wal,long-polling,12,17.600000
disk-wal,long-polling,13,18.100000
disk-wal,long-polling,14,18.200000
disk-wal,long-polling,15,21.900000
disk-wal,long-polling,16,18.000000
disk-wal,long-polling,17,17.900000
disk-wal,long-polling,18,19.900000
disk-wal,long-polling,19,21.000000
disk-wal,long-polling,20,20.400000
disk-wal,long-polling,21,17.900000
disk-wal,long-polling,22,18.700000
disk-wal,long-polling,23,18.500000
disk-wal,long-polling,24,17.900000
disk-wal,long-polling,25,18.000000
disk-wal,long-polling,26,19.200000
disk-wal,long-polling,27,18.700000
disk-wal,long-polling,28,16.900000
disk-wal,long-polling,29,18.200000
disk-wal,long-polling,30,17.300000
disk-wal,long-polling,31,17.600000
disk-wal,long-polling,32,17.900000
disk-wal,long-polling,33,17.900000
disk-wal,long-polling,34,19.400000
disk-wal,long-polling,35,19.000000
disk-wal,long-polling,36,20.700000
disk-wal,long-polling,37,19.200000
disk-wal,long-polling,38,19.100000
disk-wal,long-polling,39,17.900000
disk-wal,long-polling,40,19.000000
disk-wal,long-polling,41,18.800000
disk-wal,long-polling,42,19.300000
disk-wal,long-polling,43,17.000000
disk-wal,long-polling,44,19.400000
disk-wal,long-polling,45,21.600000
disk-wal,long-polling,46,17.800000
disk-wal,long-polling,47,17.900000
disk-wal,long-polling,48,18.000000
disk-wal,long-polling,49,18.700000
disk-wal,long-polling,50,19.400000
disk-wal,long-polling,51,18.100000
disk-wal,long-polling,52,19.500000
disk-wal,long-polling,53,20.300000
disk-wal,long-polling,54,19.300000
disk-wal,long-polling,55,16.500000
disk-wal,long-polling,56,18.200000
disk-wal,long-polling,57,17.800000
disk-wal,long-polling,58,18.100000
disk-wal,long-polling,59,17.800000
disk-wal,long-polling,60,18.500000
disk-wal,long-polling,61,19.000000
disk-wal,long-polling,62,19.100000
disk-wal,long-polling,63,17.800000
disk-wal,long-polling,64,18.900000
disk-wal,long-polling,65,19.000000
disk-wal,long-polling,66,18.700000
disk-wal,long-polling,67,18.500000
disk-wal,long-polling,68,18.900000
disk-wal,long-polling,69,18.100000
disk-wal,long-polling,70,17.700000
disk-wal,long-polling,71,18.400000
disk-wal,long-polling,72,19.400000
disk-wal,long-polling,73,17.600000
disk-wal,long-polling,74,19.200000
disk-wal,long-polling,75,19.200000
disk-wal,long-polling,76,18.600000
disk-wal,long-polling,77,18.800000
disk-wal,long-polling,78,19.100000
disk-wal,long-polling,79,19.100000
disk-wal,long-polling,80,21.100000
disk-wal,long-polling,81,19.000000
disk-wal,long-polling,82,18.900000
disk-wal,long-polling,83,19.500000
disk-wal,long-polling,84,19.600000
disk-wal,long-polling,85,18.900000
disk-wal,long-polling,86,19.700000
disk-wal,long-polling,87,19.300000
disk-wal,long-polling,88,18.800000
disk-wal,long-polling,89,19.100000
disk-wal,long-polling,90,17.700000
disk-wal,long-polling,91,19.400000
disk-wal,long-polling,92,18.900000
disk-wal,long-polling,93,18.700000
disk-wal,long-polling,94,18.400000
disk-wal,long-polling,95,19.100000
disk-wal,long-polling,96,19.000000
disk-wal,long-polling,97,18.700000
disk-wal,long-polling,98,19.000000
disk-wal,long-polling,99,18.900000
disk-wal,long-polling,100,23.100000
disk-wal,streaming,1,17.700000
disk-wal,streaming,2,15.900000
disk-wal,streaming,3,17.600000
disk-wal,streaming,4,19.300000
disk-wal,streaming,5,17.000000
disk-wal,streaming,6,17.000000
disk-wal,streaming,7,15.800000
disk-wal,streaming,8,15.000000
disk-wal,streaming,9,15.200000
disk-wal,streaming,10,16.900000
disk-wal,streaming,11,16.100000
disk-wal,streaming,12,17.000000
disk-wal,streaming,13,17.100000
disk-wal,streaming,14,17.800000
disk-wal,streaming,15,17.100000
disk-wal,streaming,16,17.200000
disk-wal,streaming,17,18.300000
disk-wal,streaming,18,17.400000
disk-wal,streaming,19,16.200000
disk-wal,streaming,20,17.900000
disk-wal,streaming,21,18.900000
disk-wal,streaming,22,18.400000
disk-wal,streaming,23,17.600000
disk-wal,streaming,24,15.800000
disk-wal,streaming,25,16.200000
disk-wal,streaming,26,16.900000
disk-wal,streaming,27,17.200000
disk-wal,streaming,28,15.800000
disk-wal,streaming,29,17.100000
disk-wal,streaming,30,17.900000
disk-wal,streaming,31,16.200000
disk-wal,streaming,32,15.800000
disk-wal,streaming,33,17.200000
disk-wal,streaming,34,17.800000
disk-wal,streaming,35,18.200000
disk-wal,streaming,36,17.900000
disk-wal,streaming,37,17.400000
disk-wal,streaming,38,18.800000
disk-wal,streaming,39,18.200000
disk-wal,streaming,40,18.000000
disk-wal,streaming,41,18.800000
disk-wal,streaming,42,16.900000
disk-wal,streaming,43,17.300000
disk-wal,streaming,44,16.500000
disk-wal,streaming,45,16.300000
disk-wal,streaming,46,16.800000
disk-wal,streaming,47,17.200000
disk-wal,streaming,48,16.700000
disk-wal,streaming,49,17.100000
disk-wal,streaming,50,16.900000
disk-wal,streaming,51,17.200000
disk-wal,streaming,52,15.800000
disk-wal,streaming,53,15.200000
disk-wal,streaming,54,16.800000
disk-wal,streaming,55,16.100000
disk-wal,streaming,56,16.900000
disk-wal,streaming,57,16.000000
disk-wal,streaming,58,17.100000
disk-wal,streaming,59,17.100000
disk-wal,streaming,60,17.100000
disk-wal,streaming,61,18.200000
disk-wal,streaming,62,15.700000
disk-wal,streaming,63,17.100000
disk-wal,streaming,64,16.800000
disk-wal,streaming,65,17.200000
disk-wal,streaming,66,18.000000
disk-wal,streaming,67,18.300000
disk-wal,streaming,68,17.600000
disk-wal,streaming,69,17.400000
disk-wal,streaming,70,18.400000
disk-wal,streaming,71,17.000000
disk-wal,streaming,72,18.200000
disk-wal,streaming,73,17.900000
disk-wal,streaming,74,16.800000
disk-wal,streaming,75,17.200000
disk-wal,streaming,76,16.800000
disk-wal,streaming,77,17.200000
disk-wal,streaming,78,17.100000
disk-wal,streaming,79,17.900000
disk-wal,streaming,80,17.100000
disk-wal,streaming,81,18.000000
disk-wal,streaming,82,18.200000
disk-wal,streaming,83,17.900000
disk-wal,streaming,84,17.900000
disk-wal,streaming,85,17.800000
disk-wal,streaming,86,17.800000
disk-wal,streaming,87,17.500000
disk-wal,streaming,88,18.000000
disk-wal,streaming,89,18.900000
disk-wal,streaming,90,18.000000
disk-wal,streaming,91,17.000000
disk-wal,streaming,92,18.500000
disk-wal,streaming,93,19.600000
disk-wal,streaming,94,18.800000
disk-wal,streaming,95,17.900000
disk-wal,streaming,96,18.000000
disk-wal,streaming,97,17.900000
disk-wal,streaming,98,16.900000
disk-wal,streaming,99,16.600000
disk-wal,streaming,100,17.400000
disk-wal,buffering-proxy-auto-detection,1,15.000000
disk-wal,buffering-proxy-auto-detection,2,15.900000
disk-wal,buffering-proxy-auto-detection,3,16.000000
disk-wal,buffering-proxy-auto-detection,4,16.000000
disk-wal,buffering-proxy-auto-detection,5,17.100000
disk-wal,buffering-proxy-auto-detection,6,16.800000
disk-wal,buffering-proxy-auto-detection,7,16.100000
disk-wal,buffering-proxy-auto-detection,8,16.000000
disk-wal,buffering-proxy-auto-detection,9,17.000000
disk-wal,buffering-proxy-auto-detection,10,16.600000
disk-wal,buffering-proxy-auto-detection,11,18.500000
disk-wal,buffering-proxy-auto-detection,12,18.200000
disk-wal,buffering-proxy-auto-detection,13,16.900000
disk-wal,buffering-proxy-auto-detection,14,18.000000
disk-wal,buffering-proxy-auto-detection,15,17.100000
disk-wal,buffering-proxy-auto-detection,16,16.900000
disk-wal,buffering-proxy-auto-detection,17,17.100000
disk-wal,buffering-proxy-auto-detection,18,17.200000
disk-wal,buffering-proxy-auto-detection,19,19.000000
disk-wal,buffering-proxy-auto-detection,20,17.600000
disk-wal,buffering-proxy-auto-detection,21,18.300000
disk-wal,buffering-proxy-auto-detection,22,18.000000
disk-wal,buffering-proxy-auto-detection,23,19.100000
disk-wal,buffering-proxy-auto-detection,24,18.200000
disk-wal,buffering-proxy-auto-detection,25,17.500000
disk-wal,buffering-proxy-auto-detection,26,17.900000
disk-wal,buffering-proxy-auto-detection,27,16.000000
disk-wal,buffering-proxy-auto-detection,28,17.900000
disk-wal,buffering-proxy-auto-detection,29,17.800000
disk-wal,buffering-proxy-auto-detection,30,16.000000
disk-wal,buffering-proxy-auto-detection,31,14.900000
disk-wal,buffering-proxy-auto-detection,32,13.900000
disk-wal,buffering-proxy-auto-detection,33,15.200000
disk-wal,buffering-proxy-auto-detection,34,13.900000
disk-wal,buffering-proxy-auto-detection,35,14.100000
disk-wal,buffering-proxy-auto-detection,36,15.100000
disk-wal,buffering-proxy-auto-detection,37,16.800000
disk-wal,buffering-proxy-auto-detection,38,14.900000
disk-wal,buffering-proxy-auto-detection,39,16.200000
disk-wal,buffering-proxy-auto-detection,40,17.100000
disk-wal,buffering-proxy-auto-detection,41,17.000000
disk-wal,buffering-proxy-auto-detection,42,15.100000
disk-wal,buffering-proxy-auto-detection,43,17.400000
disk-wal,buffering-proxy-auto-detection,44,16.500000
disk-wal,buffering-proxy-auto-detection,45,17.200000
disk-wal,buffering-proxy-auto-detection,46,15.900000
disk-wal,buffering-proxy-auto-detection,47,18.100000
disk-wal,buffering-proxy-auto-detection,48,17.300000
disk-wal,buffering-proxy-auto-detection,49,17.900000
disk-wal,buffering-proxy-auto-detection,50,17.900000
disk-wal,buffering-proxy-auto-detection,51,18.100000
disk-wal,buffering-proxy-auto-detection,52,18.400000
disk-wal,buffering-proxy-auto-detection,53,17.700000
disk-wal,buffering-proxy-auto-detection,54,16.900000
disk-wal,buffering-proxy-auto-detection,55,17.700000
disk-wal,buffering-proxy-auto-detection,56,17.500000
disk-wal,buffering-proxy-auto-detection,57,18.900000
disk-wal,buffering-proxy-auto-detection,58,17.600000
disk-wal,buffering-proxy-auto-detection,59,17.100000
disk-wal,buffering-proxy-auto-detection,60,18.000000
disk-wal,buffering-proxy-auto-detection,61,18.000000
disk-wal,buffering-proxy-auto-detection,62,18.000000
disk-wal,buffering-proxy-auto-detection,63,18.300000
disk-wal,buffering-proxy-auto-detection,64,17.800000
disk-wal,buffering-proxy-auto-detection,65,18.100000
disk-wal,buffering-proxy-auto-detection,66,18.100000
disk-wal,buffering-proxy-auto-detection,67,19.200000
disk-wal,buffering-proxy-auto-detection,68,19.600000
disk-wal,buffering-proxy-auto-detection,69,19.300000
disk-wal,buffering-proxy-auto-detection,70,18.800000
disk-wal,buffering-proxy-auto-detection,71,19.000000
disk-wal,buffering-proxy-auto-detection,72,18.900000
disk-wal,buffering-proxy-auto-detection,73,18.000000
disk-wal,buffering-proxy-auto-detection,74,17.900000
disk-wal,buffering-proxy-auto-detection,75,18.100000
disk-wal,buffering-proxy-auto-detection,76,17.900000
disk-wal,buffering-proxy-auto-detection,77,18.700000
disk-wal,buffering-proxy-auto-detection,78,18.700000
disk-wal,buffering-proxy-auto-detection,79,18.900000
disk-wal,buffering-proxy-auto-detection,80,19.000000
disk-wal,buffering-proxy-auto-detection,81,18.900000
disk-wal,buffering-proxy-auto-detection,82,19.100000
disk-wal,buffering-proxy-auto-detection,83,19.400000
disk-wal,buffering-proxy-auto-detection,84,19.900000
disk-wal,buffering-proxy-auto-detection,85,18.700000
disk-wal,buffering-proxy-auto-detection,86,19.400000
disk-wal,buffering-proxy-auto-detection,87,18.700000
disk-wal,buffering-proxy-auto-detection,88,19.000000
disk-wal,buffering-proxy-auto-detection,89,19.000000
disk-wal,buffering-proxy-auto-detection,90,19.100000
disk-wal,buffering-proxy-auto-detection,91,18.900000
disk-wal,buffering-proxy-auto-detection,92,19.100000
disk-wal,buffering-proxy-auto-detection,93,18.900000
disk-wal,buffering-proxy-auto-detection,94,24.300000
disk-wal,buffering-proxy-auto-detection,95,19.800000
disk-wal,buffering-proxy-auto-detection,96,20.200000
disk-wal,buffering-proxy-auto-detection,97,19.900000
disk-wal,buffering-proxy-auto-detection,98,18.900000
disk-wal,buffering-proxy-auto-detection,99,19.600000
disk-wal,buffering-proxy-auto-detection,100,18.300000
